source	target	label	source_line
2018-03-12 Reconstruction of inertia groups associated to log divisors from a configuration space  group equipped with log-full subgroups.pdf	Combinatorial Anabelian Topics I.pdf	CbTpI	1900
2018-03-12 Reconstruction of inertia groups associated to log divisors from a configuration space  group equipped with log-full subgroups.pdf	Combinatorial Cuspidalization.pdf	CmbCsp	1917
2018-03-12 Reconstruction of inertia groups associated to log divisors from a configuration space  group equipped with log-full subgroups.pdf	Combinatorial Grothendieck Conjecture.pdf	CmbGC	1915
2018-03-12 Reconstruction of inertia groups associated to log divisors from a configuration space  group equipped with log-full subgroups.pdf	Semi-graphs of Anabelioids.pdf	Semi	1913
2018-05-07 Geometric version of the Grothendieck Conjecutre for universal curves over Hurwitz stacks.pdf	Combinatorial Anabelian Topics I.pdf	CbTpI	3802
2018-05-07 Geometric version of the Grothendieck Conjecutre for universal curves over Hurwitz stacks.pdf	Combinatorial Cuspidalization.pdf	CmbCsp	3828
2018-05-07 Geometric version of the Grothendieck Conjecutre for universal curves over Hurwitz stacks.pdf	Combinatorial Grothendieck Conjecture.pdf	CmbGC	3826
2018-05-07 Geometric version of the Grothendieck Conjecutre for universal curves over Hurwitz stacks.pdf	Semi-graphs of Anabelioids.pdf	Semi	3824
2019-02-24 Near miss abc-triples in compactly bounded subsets.pdf	Arithmetic Elliptic Curves in General Position.pdf	GenEll	2952
2019-02-24 Near miss abc-triples in compactly bounded subsets.pdf	Inter-universal Teichmuller Theory IV.pdf	IUTchIV	2954
2020-11 Classical roots of IUT (marked up version).pdf	Alien Copies, Gaussians, and Inter-universal Teichmuller Theory.pdf	Alien	588
2020-11 Classical roots of IUT (marked up version).pdf	Inter-universal Teichmuller Theory I.pdf	IUTchI	573
2020-11 Classical roots of IUT (marked up version).pdf	Inter-universal Teichmuller Theory II.pdf	IUTchII	576
2020-11 Classical roots of IUT (marked up version).pdf	Inter-universal Teichmuller Theory III.pdf	IUTchIII	579
2020-11 Classical roots of IUT (marked up version).pdf	Inter-universal Teichmuller Theory IV.pdf	IUTchIV	582
2020-11 Classical roots of IUT (marked up version).pdf	Panoramic Overview of Inter-universal Teichmuller Theory.pdf	Pano	585
2020-11 Classical roots of IUT.pdf	Alien Copies, Gaussians, and Inter-universal Teichmuller Theory.pdf	Alien	588
2020-11 Classical roots of IUT.pdf	Inter-universal Teichmuller Theory I.pdf	IUTchI	573
2020-11 Classical roots of IUT.pdf	Inter-universal Teichmuller Theory II.pdf	IUTchII	576
2020-11 Classical roots of IUT.pdf	Inter-universal Teichmuller Theory III.pdf	IUTchIII	579
2020-11 Classical roots of IUT.pdf	Inter-universal Teichmuller Theory IV.pdf	IUTchIV	582
2020-11 Classical roots of IUT.pdf	Panoramic Overview of Inter-universal Teichmuller Theory.pdf	Pano	585
A Survey of the Hodge-Arakelov Theory of Elliptic Curves I.pdf	Connections and Related Structures on the Universal Extension of an Elliptic Curve.PDF	Mzk3	1840
A Survey of the Hodge-Arakelov Theory of Elliptic Curves I.pdf	The Hodge-Arakelov Theory of Elliptic Curves.pdf	Mzk1	1836
A Survey of the Hodge-Arakelov Theory of Elliptic Curves I.pdf	The Scheme-theoretic Theta Convolution.pdf	Mzk2	1838
A Theory of Ordinary p-adic Curves (comments).pdf	A Theory of Ordinary p-adic Curves.pdf	pOrd	86
Absolute Anabelian Cuspidalizations (LaTeX version).pdf	Connections and Related Structures on the Universal Extension of an Elliptic Curve.PDF	Mzk3	5603
Absolute Anabelian Cuspidalizations (LaTeX version).pdf	The Hodge-Arakelov Theory of Elliptic Curves.pdf	Mzk1	5598
Absolute Anabelian Cuspidalizations (LaTeX version).pdf	The Scheme-theoretic Theta Convolution.pdf	Mzk2	5600
Absolute Anabelian Cuspidalizations.pdf	Connections and Related Structures on the Universal Extension of an Elliptic Curve.PDF	Mzk3	5546
Absolute Anabelian Cuspidalizations.pdf	The Hodge-Arakelov Theory of Elliptic Curves.pdf	Mzk1	5541
Absolute Anabelian Cuspidalizations.pdf	The Scheme-theoretic Theta Convolution.pdf	Mzk2	5543
Absolute Anabelian Geometry.pdf	Connections and Related Structures on the Universal Extension of an Elliptic Curve.PDF	Mzk3	2888
Absolute Anabelian Geometry.pdf	The Hodge-Arakelov Theory of Elliptic Curves.pdf	Mzk1	2883
Absolute Anabelian Geometry.pdf	The Scheme-theoretic Theta Convolution.pdf	Mzk2	2885
Alien Copies, Gaussians, and Inter-universal Teichmuller Theory.pdf	A Survey of the Hodge-Arakelov Theory of Elliptic Curves I.pdf	HASurI	7776
Alien Copies, Gaussians, and Inter-universal Teichmuller Theory.pdf	A Survey of the Hodge-Arakelov Theory of Elliptic Curves II.pdf	HASurII	7779
Alien Copies, Gaussians, and Inter-universal Teichmuller Theory.pdf	A Theory of Ordinary p-adic Curves.pdf	pOrd	7766
Alien Copies, Gaussians, and Inter-universal Teichmuller Theory.pdf	Absolute Anabelian Cuspidalizations.pdf	Cusp	7798
Alien Copies, Gaussians, and Inter-universal Teichmuller Theory.pdf	Absolute Anabelian Geometry.pdf	AbsAnab	7788
Alien Copies, Gaussians, and Inter-universal Teichmuller Theory.pdf	An Introduction to p-adic Teichmuller Theory.pdf	pTchIn	7782
Alien Copies, Gaussians, and Inter-universal Teichmuller Theory.pdf	Arithmetic Elliptic Curves in General Position.pdf	GenEll	7808
Alien Copies, Gaussians, and Inter-universal Teichmuller Theory.pdf	Combinatorial Anabelian Topics II.pdf	CbTpII	7750
Alien Copies, Gaussians, and Inter-universal Teichmuller Theory.pdf	Foundations (comments).pdf	pTch	7772
Alien Copies, Gaussians, and Inter-universal Teichmuller Theory.pdf	Inter-universal Teichmuller Theory I.pdf	IUTchI	7824
Alien Copies, Gaussians, and Inter-universal Teichmuller Theory.pdf	Inter-universal Teichmuller Theory II.pdf	IUTchII	7827
Alien Copies, Gaussians, and Inter-universal Teichmuller Theory.pdf	Inter-universal Teichmuller Theory III.pdf	IUTchIII	7832
Alien Copies, Gaussians, and Inter-universal Teichmuller Theory.pdf	Inter-universal Teichmuller Theory IV.pdf	IUTchIV	7835
Alien Copies, Gaussians, and Inter-universal Teichmuller Theory.pdf	Noncritical Belyi Maps.pdf	NCBelyi	7790
Alien Copies, Gaussians, and Inter-universal Teichmuller Theory.pdf	Panoramic Overview of Inter-universal Teichmuller Theory.pdf	Pano	7816
Alien Copies, Gaussians, and Inter-universal Teichmuller Theory.pdf	Semi-graphs of Anabelioids.pdf	Semi	7794
Alien Copies, Gaussians, and Inter-universal Teichmuller Theory.pdf	The Etale Theta Function and its Frobenioid-theoretic Manifestations.pdf	EtTh	7806
Alien Copies, Gaussians, and Inter-universal Teichmuller Theory.pdf	The Geometry of Anabelioids.pdf	GeoAnbd	7786
Alien Copies, Gaussians, and Inter-universal Teichmuller Theory.pdf	The Geometry of Frobenioids I.pdf	FrdI	7802
Alien Copies, Gaussians, and Inter-universal Teichmuller Theory.pdf	The Geometry of Frobenioids II.pdf	FrdII	7804
An Introduction to p-adic Teichmuller Theory.pdf	Connections and Related Structures on the Universal Extension of an Elliptic Curve.PDF	Mzk3	2129
An Introduction to p-adic Teichmuller Theory.pdf	The Hodge-Arakelov Theory of Elliptic Curves.pdf	Mzk1	2125
An Introduction to p-adic Teichmuller Theory.pdf	The Scheme-theoretic Theta Convolution.pdf	Mzk2	2127
Anabelian Geometry in the Hodge-Arakelov Theory of Elliptic Curves (Kokyuroku 2002).pdf	Connections and Related Structures on the Universal Extension of an Elliptic Curve.PDF	Mzk3	616
Anabelian Geometry in the Hodge-Arakelov Theory of Elliptic Curves (Kokyuroku 2002).pdf	The Hodge-Arakelov Theory of Elliptic Curves.pdf	Mzk1	610
Anabelian Geometry in the Hodge-Arakelov Theory of Elliptic Curves (Kokyuroku 2002).pdf	The Hodge-Arakelov Theory of Elliptic Curves.pdf	Mzk1	629
Anabelian Geometry in the Hodge-Arakelov Theory of Elliptic Curves (Kokyuroku 2002).pdf	The Hodge-Arakelov Theory of Elliptic Curves.pdf	Mzk1	632
Anabelian Geometry in the Hodge-Arakelov Theory of Elliptic Curves (Kokyuroku 2002).pdf	The Hodge-Arakelov Theory of Elliptic Curves.pdf	Mzk1	634
Anabelian Geometry in the Hodge-Arakelov Theory of Elliptic Curves (Kokyuroku 2002).pdf	The Hodge-Arakelov Theory of Elliptic Curves.pdf	Mzk1	636
Anabelian Geometry in the Hodge-Arakelov Theory of Elliptic Curves (Kokyuroku 2002).pdf	The Hodge-Arakelov Theory of Elliptic Curves.pdf	Mzk1	638
Anabelian Geometry in the Hodge-Arakelov Theory of Elliptic Curves (Kokyuroku 2002).pdf	The Hodge-Arakelov Theory of Elliptic Curves.pdf	Mzk1	640
Anabelian Geometry in the Hodge-Arakelov Theory of Elliptic Curves (Kokyuroku 2002).pdf	The Hodge-Arakelov Theory of Elliptic Curves.pdf	Mzk1	642
Anabelian Geometry in the Hodge-Arakelov Theory of Elliptic Curves (Kokyuroku 2002).pdf	The Scheme-theoretic Theta Convolution.pdf	Mzk2	612
Arithmetic Elliptic Curves in General Position.pdf	Connections and Related Structures on the Universal Extension of an Elliptic Curve.PDF	Mzk3	1442
Arithmetic Elliptic Curves in General Position.pdf	The Hodge-Arakelov Theory of Elliptic Curves.pdf	Mzk1	1438
Arithmetic Elliptic Curves in General Position.pdf	The Scheme-theoretic Theta Convolution.pdf	Mzk2	1440
Bogomolov from the Point of View of Inter-universal Teichmuller Theory.pdf	A Survey of the Hodge-Arakelov Theory of Elliptic Curves I.pdf	HASurI	1370
Bogomolov from the Point of View of Inter-universal Teichmuller Theory.pdf	A Survey of the Hodge-Arakelov Theory of Elliptic Curves II.pdf	HASurII	1374
Bogomolov from the Point of View of Inter-universal Teichmuller Theory.pdf	Inter-universal Teichmuller Theory I.pdf	IUTchI	1381
Bogomolov from the Point of View of Inter-universal Teichmuller Theory.pdf	Inter-universal Teichmuller Theory II.pdf	IUTchII	1383
Bogomolov from the Point of View of Inter-universal Teichmuller Theory.pdf	Inter-universal Teichmuller Theory III.pdf	IUTchIII	1385
Bogomolov from the Point of View of Inter-universal Teichmuller Theory.pdf	Inter-universal Teichmuller Theory IV.pdf	IUTchIV	1387
Bogomolov from the Point of View of Inter-universal Teichmuller Theory.pdf	The Etale Theta Function and its Frobenioid-theoretic Manifestations.pdf	EtTh	1377
Canonical Liftings.pdf	Connections and Related Structures on the Universal Extension of an Elliptic Curve.PDF	Mzk3	1475
Canonical Liftings.pdf	The Hodge-Arakelov Theory of Elliptic Curves.pdf	Mzk1	1468
Canonical Liftings.pdf	The Scheme-theoretic Theta Convolution.pdf	Mzk2	1470
Categories of Hyperbolic Riemann Surfaces.pdf	Connections and Related Structures on the Universal Extension of an Elliptic Curve.PDF	Mzk3	2181
Categories of Hyperbolic Riemann Surfaces.pdf	Semi-graphs of Anabelioids.pdf	Semi	2198
Categories of Hyperbolic Riemann Surfaces.pdf	The Hodge-Arakelov Theory of Elliptic Curves.pdf	Mzk1	2176
Categories of Hyperbolic Riemann Surfaces.pdf	The Hodge-Arakelov Theory of Elliptic Curves.pdf	Mzk1	2196
Categories of Hyperbolic Riemann Surfaces.pdf	The Hodge-Arakelov Theory of Elliptic Curves.pdf	Mzk1	2198
Categories of Hyperbolic Riemann Surfaces.pdf	The Hodge-Arakelov Theory of Elliptic Curves.pdf	Mzk1	2200
Categories of Hyperbolic Riemann Surfaces.pdf	The Scheme-theoretic Theta Convolution.pdf	Mzk2	2179
Categories of Log Schemes with Archimedean Structures (LaTeX version).pdf	The Hodge-Arakelov Theory of Elliptic Curves.pdf	Mzk1	1741
Categories of Log Schemes with Archimedean Structures (LaTeX version).pdf	The Scheme-theoretic Theta Convolution.pdf	Mzk2	1744
Categories of Log Schemes with Archimedean Structures.pdf	The Hodge-Arakelov Theory of Elliptic Curves.pdf	Mzk1	1726
Categories of Log Schemes with Archimedean Structures.pdf	The Scheme-theoretic Theta Convolution.pdf	Mzk2	1729
Classical roots of IUT (marked up version 2021-12-14).pdf	Alien Copies, Gaussians, and Inter-universal Teichmuller Theory.pdf	Alien	588
Classical roots of IUT (marked up version 2021-12-14).pdf	Inter-universal Teichmuller Theory I.pdf	IUTchI	573
Classical roots of IUT (marked up version 2021-12-14).pdf	Inter-universal Teichmuller Theory II.pdf	IUTchII	576
Classical roots of IUT (marked up version 2021-12-14).pdf	Inter-universal Teichmuller Theory III.pdf	IUTchIII	579
Classical roots of IUT (marked up version 2021-12-14).pdf	Inter-universal Teichmuller Theory IV.pdf	IUTchIV	582
Classical roots of IUT (marked up version 2021-12-14).pdf	Panoramic Overview of Inter-universal Teichmuller Theory.pdf	Pano	585
Combinatorial Anabelian Topics I.pdf	Combinatorial Cuspidalization.pdf	CmbCsp	8080
Combinatorial Anabelian Topics I.pdf	Combinatorial Grothendieck Conjecture.pdf	CmbGC	8076
Combinatorial Anabelian Topics I.pdf	Semi-graphs of Anabelioids.pdf	Semi	8074
Combinatorial Anabelian Topics II.pdf	Combinatorial Anabelian Topics I.pdf	CbTpI	10070
Combinatorial Anabelian Topics II.pdf	Combinatorial Cuspidalization.pdf	CmbCsp	10091
Combinatorial Anabelian Topics II.pdf	Combinatorial Grothendieck Conjecture.pdf	CmbGC	10085
Combinatorial Anabelian Topics II.pdf	Semi-graphs of Anabelioids.pdf	Semi	10083
Combinatorial Anabelian Topics III.pdf	Combinatorial Anabelian Topics I.pdf	CbTpI	7047
Combinatorial Anabelian Topics III.pdf	Combinatorial Anabelian Topics II.pdf	CbTpII	7051
Combinatorial Anabelian Topics III.pdf	Combinatorial Anabelian Topics IV.pdf	CbTpIV	7054
Combinatorial Anabelian Topics III.pdf	Combinatorial Cuspidalization.pdf	CmbCsp	7066
Combinatorial Anabelian Topics III.pdf	Combinatorial Grothendieck Conjecture.pdf	CmbGC	7064
Combinatorial Anabelian Topics III.pdf	Semi-graphs of Anabelioids.pdf	Semi	7062
Combinatorial Anabelian Topics IV.pdf	Combinatorial Anabelian Topics I.pdf	CbTpI	7391
Combinatorial Anabelian Topics IV.pdf	Combinatorial Anabelian Topics II.pdf	CbTpII	7395
Combinatorial Anabelian Topics IV.pdf	Combinatorial Anabelian Topics III.pdf	CbTpIII	7398
Combinatorial Anabelian Topics IV.pdf	Combinatorial Cuspidalization.pdf	CmbCsp	7420
Combinatorial Anabelian Topics IV.pdf	Combinatorial Grothendieck Conjecture.pdf	CmbGC	7414
Combinatorial Anabelian Topics IV.pdf	Semi-graphs of Anabelioids.pdf	Semi	7412
Combinatorial Cuspidalization.pdf	Semi-graphs of Anabelioids.pdf	Semi	4173
Combinatorial Grothendieck Conjecture (comments).pdf	Combinatorial Anabelian Topics II.pdf	CbTpII	169
Combinatorial Grothendieck Conjecture.pdf	Connections and Related Structures on the Universal Extension of an Elliptic Curve.PDF	Mzk3	1436
Combinatorial Grothendieck Conjecture.pdf	Semi-graphs of Anabelioids.pdf	Semi	1444
Combinatorial Grothendieck Conjecture.pdf	The Hodge-Arakelov Theory of Elliptic Curves.pdf	Mzk1	1432
Combinatorial Grothendieck Conjecture.pdf	The Scheme-theoretic Theta Convolution.pdf	Mzk2	1434
Combinatorial Section Conjecture and Pop-Stix.pdf	Combinatorial Grothendieck Conjecture.pdf	CmbGC	281
Combinatorial Section Conjecture and Pop-Stix.pdf	Semi-graphs of Anabelioids.pdf	Semi	279
Combinatorial absolute Galois groups.pdf	Absolute Anabelian Geometry.pdf	AbsAnab	5565
Combinatorial absolute Galois groups.pdf	Combinatorial Anabelian Topics I.pdf	CbTpI	5548
Combinatorial absolute Galois groups.pdf	Combinatorial Anabelian Topics II.pdf	CbTpII	5552
Combinatorial absolute Galois groups.pdf	Combinatorial Cuspidalization.pdf	CmbCsp	5575
Combinatorial absolute Galois groups.pdf	Combinatorial Grothendieck Conjecture.pdf	CmbGC	5571
Connections and Related Structures on the Universal Extension of an Elliptic Curve.pdf	Connections and Related Structures on the Universal Extension of an Elliptic Curve.PDF	Mzk3	4205
Connections and Related Structures on the Universal Extension of an Elliptic Curve.pdf	The Hodge-Arakelov Theory of Elliptic Curves.pdf	Mzk1	4201
Connections and Related Structures on the Universal Extension of an Elliptic Curve.pdf	The Scheme-theoretic Theta Convolution.pdf	Mzk2	4203
Correspondences on Hyperbolic Curves.pdf	Connections and Related Structures on the Universal Extension of an Elliptic Curve.PDF	Mzk3	784
Correspondences on Hyperbolic Curves.pdf	The Hodge-Arakelov Theory of Elliptic Curves.pdf	Mzk1	780
Correspondences on Hyperbolic Curves.pdf	The Scheme-theoretic Theta Convolution.pdf	Mzk2	782
Essential Logical Structure of Inter-universal Teichmuller Theory.pdf	A Survey of the Hodge-Arakelov Theory of Elliptic Curves I.pdf	HASurI	8438
Essential Logical Structure of Inter-universal Teichmuller Theory.pdf	Absolute Anabelian Geometry.pdf	AbsAnab	8442
Essential Logical Structure of Inter-universal Teichmuller Theory.pdf	Alien Copies, Gaussians, and Inter-universal Teichmuller Theory.pdf	Alien	8475
Essential Logical Structure of Inter-universal Teichmuller Theory.pdf	Arithmetic Elliptic Curves in General Position.pdf	GenEll	8446
Essential Logical Structure of Inter-universal Teichmuller Theory.pdf	Foundations (comments).pdf	pTch	8435
Essential Logical Structure of Inter-universal Teichmuller Theory.pdf	Inter-universal Teichmuller Theory I.pdf	IUTchI	8450
Essential Logical Structure of Inter-universal Teichmuller Theory.pdf	Inter-universal Teichmuller Theory II.pdf	IUTchII	8452
Essential Logical Structure of Inter-universal Teichmuller Theory.pdf	Inter-universal Teichmuller Theory III.pdf	IUTchIII	8454
Essential Logical Structure of Inter-universal Teichmuller Theory.pdf	Inter-universal Teichmuller Theory IV.pdf	IUTchIV	8458
Essential Logical Structure of Inter-universal Teichmuller Theory.pdf	Panoramic Overview of Inter-universal Teichmuller Theory.pdf	Pano	8472
Essential Logical Structure of Inter-universal Teichmuller Theory.pdf	The Etale Theta Function and its Frobenioid-theoretic Manifestations.pdf	EtTh	8444
Explicit estimates in IUTeich.pdf	Alien Copies, Gaussians, and Inter-universal Teichmuller Theory.pdf	Alien	2969
Explicit estimates in IUTeich.pdf	Arithmetic Elliptic Curves in General Position.pdf	GenEll	2958
Explicit estimates in IUTeich.pdf	Inter-universal Teichmuller Theory I.pdf	IUTchI	2960
Explicit estimates in IUTeich.pdf	Inter-universal Teichmuller Theory II.pdf	IUTchII	2962
Explicit estimates in IUTeich.pdf	Inter-universal Teichmuller Theory III.pdf	IUTchIII	2964
Explicit estimates in IUTeich.pdf	Inter-universal Teichmuller Theory IV.pdf	IUTchIV	2966
Explicit estimates in IUTeich.pdf	The Etale Theta Function and its Frobenioid-theoretic Manifestations.pdf	EtTh	2954
Fibered products of Hopf algebras and Seifert-van Kampen theorem for semi-graphs of Tannakian categories.pdf	Semi-graphs of Anabelioids.pdf	Semi	1916
Formalization of IUT (2026-04).pdf	Alien Copies, Gaussians, and Inter-universal Teichmuller Theory.pdf	Alien	689
Formalization of IUT (2026-04).pdf	Arithmetic Elliptic Curves in General Position.pdf	GenEll	651
Formalization of IUT (2026-04).pdf	Essential Logical Structure of Inter-universal Teichmuller Theory.pdf	EssLgc	696
Formalization of IUT (2026-04).pdf	Inter-universal Teichmuller Theory I.pdf	IUTchI	676
Formalization of IUT (2026-04).pdf	Inter-universal Teichmuller Theory II.pdf	IUTchII	678
Formalization of IUT (2026-04).pdf	Inter-universal Teichmuller Theory III.pdf	IUTchIII	680
Formalization of IUT (2026-04).pdf	Inter-universal Teichmuller Theory IV.pdf	IUTchIV	683
Formalization of IUT (2026-04).pdf	Semi-graphs of Anabelioids.pdf	Semi	636
Formalization of IUT (2026-04).pdf	The Etale Theta Function and its Frobenioid-theoretic Manifestations.pdf	EtTh	649
Formalization of IUT (2026-04).pdf	The Geometry of Frobenioids I.pdf	FrdI	645
Formalization of IUT (2026-04).pdf	The Geometry of Frobenioids II.pdf	FrdII	647
GT Theory as a Species of Teichmuller Theory.pdf	Alien Copies, Gaussians, and Inter-universal Teichmuller Theory.pdf	Alien	656
GT Theory as a Species of Teichmuller Theory.pdf	Essential Logical Structure of Inter-universal Teichmuller Theory.pdf	EssLgc	663
GT Theory as a Species of Teichmuller Theory.pdf	Inter-universal Teichmuller Theory I.pdf	IUTchI	646
GT Theory as a Species of Teichmuller Theory.pdf	Inter-universal Teichmuller Theory II.pdf	IUTchII	648
GT Theory as a Species of Teichmuller Theory.pdf	Inter-universal Teichmuller Theory III.pdf	IUTchIII	650
GT Theory as a Species of Teichmuller Theory.pdf	Inter-universal Teichmuller Theory IV.pdf	IUTchIV	653
Galois Sections.pdf	Connections and Related Structures on the Universal Extension of an Elliptic Curve.PDF	Mzk3	1288
Galois Sections.pdf	The Hodge-Arakelov Theory of Elliptic Curves.pdf	Mzk1	1284
Galois Sections.pdf	The Scheme-theoretic Theta Convolution.pdf	Mzk2	1286
Global Solvably Closed Anabelian Geometry.pdf	The Hodge-Arakelov Theory of Elliptic Curves.pdf	Mzk1	620
Global Solvably Closed Anabelian Geometry.pdf	The Scheme-theoretic Theta Convolution.pdf	Mzk2	622
IUT as an Anabelian Gateway (IUGC2024 version).pdf	Alien Copies, Gaussians, and Inter-universal Teichmuller Theory.pdf	Alien	489
IUT as an Anabelian Gateway (IUGC2024 version).pdf	Essential Logical Structure of Inter-universal Teichmuller Theory.pdf	EssLgc	496
IUT as an Anabelian Gateway (IUGC2024 version).pdf	Inter-universal Teichmuller Theory I.pdf	IUTchI	470
IUT as an Anabelian Gateway (IUGC2024 version).pdf	Inter-universal Teichmuller Theory II.pdf	IUTchII	472
IUT as an Anabelian Gateway (IUGC2024 version).pdf	Inter-universal Teichmuller Theory III.pdf	IUTchIII	474
IUT as an Anabelian Gateway (IUGC2024 version).pdf	Inter-universal Teichmuller Theory IV.pdf	IUTchIV	477
IUT as an Anabelian Gateway (IUGC2024 version).pdf	Panoramic Overview of Inter-universal Teichmuller Theory.pdf	Pano	483
IUT as an Anabelian Gateway (IUT Summit 2025 version).pdf	Alien Copies, Gaussians, and Inter-universal Teichmuller Theory.pdf	Alien	588
IUT as an Anabelian Gateway (IUT Summit 2025 version).pdf	Essential Logical Structure of Inter-universal Teichmuller Theory.pdf	EssLgc	595
IUT as an Anabelian Gateway (IUT Summit 2025 version).pdf	Inter-universal Teichmuller Theory I.pdf	IUTchI	569
IUT as an Anabelian Gateway (IUT Summit 2025 version).pdf	Inter-universal Teichmuller Theory II.pdf	IUTchII	571
IUT as an Anabelian Gateway (IUT Summit 2025 version).pdf	Inter-universal Teichmuller Theory III.pdf	IUTchIII	573
IUT as an Anabelian Gateway (IUT Summit 2025 version).pdf	Inter-universal Teichmuller Theory IV.pdf	IUTchIV	576
IUT as an Anabelian Gateway (IUT Summit 2025 version).pdf	Panoramic Overview of Inter-universal Teichmuller Theory.pdf	Pano	582
IUT as an Anabelian Gateway (MFO-RIMS23 Oberwolfach Report).pdf	Alien Copies, Gaussians, and Inter-universal Teichmuller Theory.pdf	Alien	286
IUT as an Anabelian Gateway (MFO-RIMS23 Oberwolfach Report).pdf	Essential Logical Structure of Inter-universal Teichmuller Theory.pdf	EssLgc	291
IUT as an Anabelian Gateway (MFO-RIMS23 version).pdf	Alien Copies, Gaussians, and Inter-universal Teichmuller Theory.pdf	Alien	345
IUT as an Anabelian Gateway (MFO-RIMS23 version).pdf	Essential Logical Structure of Inter-universal Teichmuller Theory.pdf	EssLgc	352
IUT as an Anabelian Gateway (MFO-RIMS23 version).pdf	Inter-universal Teichmuller Theory I.pdf	IUTchI	326
IUT as an Anabelian Gateway (MFO-RIMS23 version).pdf	Inter-universal Teichmuller Theory II.pdf	IUTchII	328
IUT as an Anabelian Gateway (MFO-RIMS23 version).pdf	Inter-universal Teichmuller Theory III.pdf	IUTchIII	330
IUT as an Anabelian Gateway (MFO-RIMS23 version).pdf	Inter-universal Teichmuller Theory IV.pdf	IUTchIV	333
IUT as an Anabelian Gateway (MFO-RIMS23 version).pdf	Panoramic Overview of Inter-universal Teichmuller Theory.pdf	Pano	339
IUT as an Anabelian Gateway.pdf	Alien Copies, Gaussians, and Inter-universal Teichmuller Theory.pdf	Alien	288
IUT as an Anabelian Gateway.pdf	Essential Logical Structure of Inter-universal Teichmuller Theory.pdf	EssLgc	295
IUT as an Anabelian Gateway.pdf	Inter-universal Teichmuller Theory I.pdf	IUTchI	269
IUT as an Anabelian Gateway.pdf	Inter-universal Teichmuller Theory II.pdf	IUTchII	271
IUT as an Anabelian Gateway.pdf	Inter-universal Teichmuller Theory III.pdf	IUTchIII	273
IUT as an Anabelian Gateway.pdf	Inter-universal Teichmuller Theory IV.pdf	IUTchIV	276
IUT as an Anabelian Gateway.pdf	Panoramic Overview of Inter-universal Teichmuller Theory.pdf	Pano	282
IUTeich Verification Report 2013-12.pdf	A Survey of the Hodge-Arakelov Theory of Elliptic Curves I.pdf	HASurI	190
IUTeich Verification Report 2013-12.pdf	A Survey of the Hodge-Arakelov Theory of Elliptic Curves II.pdf	HASurII	194
IUTeich Verification Report 2013-12.pdf	Arithmetic Elliptic Curves in General Position.pdf	GenEll	207
IUTeich Verification Report 2013-12.pdf	Inter-universal Teichmuller Theory I.pdf	IUTchI	209
IUTeich Verification Report 2013-12.pdf	Inter-universal Teichmuller Theory II.pdf	IUTchII	211
IUTeich Verification Report 2013-12.pdf	Inter-universal Teichmuller Theory III.pdf	IUTchIII	213
IUTeich Verification Report 2013-12.pdf	Inter-universal Teichmuller Theory IV.pdf	IUTchIV	215
IUTeich Verification Report 2013-12.pdf	Panoramic Overview of Inter-universal Teichmuller Theory.pdf	Pano	217
IUTeich Verification Report 2013-12.pdf	Semi-graphs of Anabelioids.pdf	Semi	197
IUTeich Verification Report 2013-12.pdf	The Etale Theta Function and its Frobenioid-theoretic Manifestations.pdf	EtTh	203
IUTeich Verification Report 2013-12.pdf	The Geometry of Frobenioids I.pdf	FrdI	199
IUTeich Verification Report 2013-12.pdf	The Geometry of Frobenioids II.pdf	FrdII	201
Inter-universal Teichmuller Theory I.pdf	A Survey of the Hodge-Arakelov Theory of Elliptic Curves I.pdf	HASurI	10664
Inter-universal Teichmuller Theory I.pdf	A Survey of the Hodge-Arakelov Theory of Elliptic Curves II.pdf	HASurII	10670
Inter-universal Teichmuller Theory I.pdf	A Theory of Ordinary p-adic Curves.pdf	pOrd	10657
Inter-universal Teichmuller Theory I.pdf	Absolute Anabelian Cuspidalizations.pdf	Cusp	10687
Inter-universal Teichmuller Theory I.pdf	Absolute Anabelian Geometry.pdf	AbsAnab	10673
Inter-universal Teichmuller Theory I.pdf	Arithmetic Elliptic Curves in General Position.pdf	GenEll	10701
Inter-universal Teichmuller Theory I.pdf	Combinatorial Anabelian Topics II.pdf	CbTpII	10645
Inter-universal Teichmuller Theory I.pdf	Inter-universal Teichmuller Theory II.pdf	IUTchII	10705
Inter-universal Teichmuller Theory I.pdf	Inter-universal Teichmuller Theory III.pdf	IUTchIII	10710
Inter-universal Teichmuller Theory I.pdf	Inter-universal Teichmuller Theory IV.pdf	IUTchIV	10713
Inter-universal Teichmuller Theory I.pdf	Semi-graphs of Anabelioids.pdf	Semi	10679
Inter-universal Teichmuller Theory I.pdf	The Etale Theta Function and its Frobenioid-theoretic Manifestations.pdf	EtTh	10693
Inter-universal Teichmuller Theory I.pdf	The Geometry of Anabelioids.pdf	GeoAnbd	10677
Inter-universal Teichmuller Theory I.pdf	The Geometry of Frobenioids I.pdf	FrdI	10689
Inter-universal Teichmuller Theory I.pdf	The Geometry of Frobenioids II.pdf	FrdII	10691
Inter-universal Teichmuller Theory II.pdf	A Survey of the Hodge-Arakelov Theory of Elliptic Curves I.pdf	HASurI	11214
Inter-universal Teichmuller Theory II.pdf	A Survey of the Hodge-Arakelov Theory of Elliptic Curves II.pdf	HASurII	11218
Inter-universal Teichmuller Theory II.pdf	A Theory of Ordinary p-adic Curves.pdf	pOrd	11207
Inter-universal Teichmuller Theory II.pdf	Absolute Anabelian Cuspidalizations.pdf	Cusp	11231
Inter-universal Teichmuller Theory II.pdf	Absolute Anabelian Geometry.pdf	AbsAnab	11221
Inter-universal Teichmuller Theory II.pdf	Inter-universal Teichmuller Theory I.pdf	IUTchI	11247
Inter-universal Teichmuller Theory II.pdf	Inter-universal Teichmuller Theory III.pdf	IUTchIII	11250
Inter-universal Teichmuller Theory II.pdf	Inter-universal Teichmuller Theory IV.pdf	IUTchIV	11253
Inter-universal Teichmuller Theory II.pdf	Semi-graphs of Anabelioids.pdf	Semi	11227
Inter-universal Teichmuller Theory II.pdf	The Etale Theta Function and its Frobenioid-theoretic Manifestations.pdf	EtTh	11237
Inter-universal Teichmuller Theory II.pdf	The Geometry of Frobenioids I.pdf	FrdI	11233
Inter-universal Teichmuller Theory II.pdf	The Geometry of Frobenioids II.pdf	FrdII	11235
Inter-universal Teichmuller Theory III.pdf	A Theory of Ordinary p-adic Curves.pdf	pOrd	11625
Inter-universal Teichmuller Theory III.pdf	Inter-universal Teichmuller Theory I.pdf	IUTchI	11642
Inter-universal Teichmuller Theory III.pdf	Inter-universal Teichmuller Theory II.pdf	IUTchII	11645
Inter-universal Teichmuller Theory III.pdf	Inter-universal Teichmuller Theory IV.pdf	IUTchIV	11648
Inter-universal Teichmuller Theory III.pdf	Semi-graphs of Anabelioids.pdf	Semi	11632
Inter-universal Teichmuller Theory III.pdf	The Etale Theta Function and its Frobenioid-theoretic Manifestations.pdf	EtTh	11638
Inter-universal Teichmuller Theory III.pdf	The Geometry of Frobenioids I.pdf	FrdI	11634
Inter-universal Teichmuller Theory III.pdf	The Geometry of Frobenioids II.pdf	FrdII	11636
Inter-universal Teichmuller Theory IV.pdf	A Survey of the Hodge-Arakelov Theory of Elliptic Curves I.pdf	HASurI	4486
Inter-universal Teichmuller Theory IV.pdf	A Survey of the Hodge-Arakelov Theory of Elliptic Curves II.pdf	HASurII	4490
Inter-universal Teichmuller Theory IV.pdf	A Theory of Ordinary p-adic Curves.pdf	pOrd	4475
Inter-universal Teichmuller Theory IV.pdf	Absolute Anabelian Cuspidalizations.pdf	Cusp	4499
Inter-universal Teichmuller Theory IV.pdf	Arithmetic Elliptic Curves in General Position.pdf	GenEll	4505
Inter-universal Teichmuller Theory IV.pdf	Inter-universal Teichmuller Theory I.pdf	IUTchI	4513
Inter-universal Teichmuller Theory IV.pdf	Inter-universal Teichmuller Theory II.pdf	IUTchII	4516
Inter-universal Teichmuller Theory IV.pdf	Inter-universal Teichmuller Theory III.pdf	IUTchIII	4521
Inter-universal Teichmuller Theory IV.pdf	Panoramic Overview of Inter-universal Teichmuller Theory.pdf	Pano	4524
Inter-universal Teichmuller Theory IV.pdf	Semi-graphs of Anabelioids.pdf	Semi	4497
Inter-universal Teichmuller Theory IV.pdf	The Etale Theta Function and its Frobenioid-theoretic Manifestations.pdf	EtTh	4503
Inter-universal Teichmuller Theory IV.pdf	The Geometry of Anabelioids.pdf	GeoAnbd	4495
Inter-universal Teichmuller Theory IV.pdf	The Geometry of Frobenioids I.pdf	FrdI	4501
Monomorphisms in Categories of Log Schemes.pdf	The Geometry of Frobenioids I.pdf	FrdI	3862
Nodally Nondegenerate Outer Representations.pdf	Connections and Related Structures on the Universal Extension of an Elliptic Curve.PDF	Mzk3	3649
Nodally Nondegenerate Outer Representations.pdf	Semi-graphs of Anabelioids.pdf	Semi	3649
Nodally Nondegenerate Outer Representations.pdf	The Hodge-Arakelov Theory of Elliptic Curves.pdf	Mzk1	3644
Nodally Nondegenerate Outer Representations.pdf	The Scheme-theoretic Theta Convolution.pdf	Mzk2	3646
Numerical invariants and distinguished subgroups of configuration spaces.pdf	Combinatorial Anabelian Topics I.pdf	CbTpI	2929
Numerical invariants and distinguished subgroups of configuration spaces.pdf	Combinatorial Anabelian Topics II.pdf	CbTpII	2933
Numerical invariants and distinguished subgroups of configuration spaces.pdf	Combinatorial Grothendieck Conjecture.pdf	CmbGC	2952
Numerical invariants and distinguished subgroups of configuration spaces.pdf	Panoramic Overview of Inter-universal Teichmuller Theory.pdf	Pano	2958
Numerical invariants and distinguished subgroups of configuration spaces.pdf	Semi-graphs of Anabelioids.pdf	Semi	2950
On the Essential Logical Structure of IUT I, II, III (marked up version).pdf	Alien Copies, Gaussians, and Inter-universal Teichmuller Theory.pdf	Alien	1721
On the Essential Logical Structure of IUT I, II, III (marked up version).pdf	Essential Logical Structure of Inter-universal Teichmuller Theory.pdf	EssLgc	1725
On the Essential Logical Structure of IUT I, II, III (marked up version).pdf	Inter-universal Teichmuller Theory I.pdf	IUTchI	1705
On the Essential Logical Structure of IUT I, II, III (marked up version).pdf	Inter-universal Teichmuller Theory II.pdf	IUTchII	1707
On the Essential Logical Structure of IUT I, II, III (marked up version).pdf	Inter-universal Teichmuller Theory III.pdf	IUTchIII	1709
On the Essential Logical Structure of IUT I, II, III (marked up version).pdf	Inter-universal Teichmuller Theory IV.pdf	IUTchIV	1712
On the Essential Logical Structure of IUT I, II, III (marked up version).pdf	Panoramic Overview of Inter-universal Teichmuller Theory.pdf	Pano	1715
On the Essential Logical Structure of IUT I, II, III, IV, V (marked up version 2021-12-14).pdf	Alien Copies, Gaussians, and Inter-universal Teichmuller Theory.pdf	Alien	1725
On the Essential Logical Structure of IUT I, II, III, IV, V (marked up version 2021-12-14).pdf	Essential Logical Structure of Inter-universal Teichmuller Theory.pdf	EssLgc	1732
On the Essential Logical Structure of IUT I, II, III, IV, V (marked up version 2021-12-14).pdf	Inter-universal Teichmuller Theory I.pdf	IUTchI	1709
On the Essential Logical Structure of IUT I, II, III, IV, V (marked up version 2021-12-14).pdf	Inter-universal Teichmuller Theory II.pdf	IUTchII	1711
On the Essential Logical Structure of IUT I, II, III, IV, V (marked up version 2021-12-14).pdf	Inter-universal Teichmuller Theory III.pdf	IUTchIII	1713
On the Essential Logical Structure of IUT I, II, III, IV, V (marked up version 2021-12-14).pdf	Inter-universal Teichmuller Theory IV.pdf	IUTchIV	1716
On the Essential Logical Structure of IUT I, II, III, IV, V (marked up version 2021-12-14).pdf	Panoramic Overview of Inter-universal Teichmuller Theory.pdf	Pano	1719
On the Essential Logical Structure of IUT I, II, III, IV, V.pdf	Alien Copies, Gaussians, and Inter-universal Teichmuller Theory.pdf	Alien	1738
On the Essential Logical Structure of IUT I, II, III, IV, V.pdf	Essential Logical Structure of Inter-universal Teichmuller Theory.pdf	EssLgc	1745
On the Essential Logical Structure of IUT I, II, III, IV, V.pdf	Inter-universal Teichmuller Theory I.pdf	IUTchI	1722
On the Essential Logical Structure of IUT I, II, III, IV, V.pdf	Inter-universal Teichmuller Theory II.pdf	IUTchII	1724
On the Essential Logical Structure of IUT I, II, III, IV, V.pdf	Inter-universal Teichmuller Theory III.pdf	IUTchIII	1726
On the Essential Logical Structure of IUT I, II, III, IV, V.pdf	Inter-universal Teichmuller Theory IV.pdf	IUTchIV	1729
On the Essential Logical Structure of IUT I, II, III, IV, V.pdf	Panoramic Overview of Inter-universal Teichmuller Theory.pdf	Pano	1732
On the Essential Logical Structure of IUT IV, V (marked up version).pdf	Alien Copies, Gaussians, and Inter-universal Teichmuller Theory.pdf	Alien	1730
On the Essential Logical Structure of IUT IV, V (marked up version).pdf	Essential Logical Structure of Inter-universal Teichmuller Theory.pdf	EssLgc	1734
On the Essential Logical Structure of IUT IV, V (marked up version).pdf	Inter-universal Teichmuller Theory I.pdf	IUTchI	1714
On the Essential Logical Structure of IUT IV, V (marked up version).pdf	Inter-universal Teichmuller Theory II.pdf	IUTchII	1716
On the Essential Logical Structure of IUT IV, V (marked up version).pdf	Inter-universal Teichmuller Theory III.pdf	IUTchIII	1718
On the Essential Logical Structure of IUT IV, V (marked up version).pdf	Inter-universal Teichmuller Theory IV.pdf	IUTchIV	1721
On the Essential Logical Structure of IUT IV, V (marked up version).pdf	Panoramic Overview of Inter-universal Teichmuller Theory.pdf	Pano	1724
Overview of Combinatorial Anabelian Geometry (marked up version).pdf	Combinatorial Anabelian Topics I.pdf	CbTpI	159
Overview of Combinatorial Anabelian Geometry (marked up version).pdf	Combinatorial Anabelian Topics II.pdf	CbTpII	163
Overview of Combinatorial Anabelian Geometry (marked up version).pdf	Combinatorial Anabelian Topics III.pdf	CbTpIII	166
Overview of Combinatorial Anabelian Geometry (marked up version).pdf	Semi-graphs of Anabelioids.pdf	Semi	148
Overview of Combinatorial Anabelian Geometry.pdf	Combinatorial Anabelian Topics I.pdf	CbTpI	170
Overview of Combinatorial Anabelian Geometry.pdf	Combinatorial Anabelian Topics II.pdf	CbTpII	174
Overview of Combinatorial Anabelian Geometry.pdf	Combinatorial Anabelian Topics III.pdf	CbTpIII	177
Overview of Combinatorial Anabelian Geometry.pdf	Combinatorial Anabelian Topics IV.pdf	CbTpIV	180
Overview of Combinatorial Anabelian Geometry.pdf	Semi-graphs of Anabelioids.pdf	Semi	159
Panoramic Overview of Inter-universal Teichmuller Theory.pdf	A Survey of the Hodge-Arakelov Theory of Elliptic Curves I.pdf	HASurI	1978
Panoramic Overview of Inter-universal Teichmuller Theory.pdf	A Survey of the Hodge-Arakelov Theory of Elliptic Curves II.pdf	HASurII	1981
Panoramic Overview of Inter-universal Teichmuller Theory.pdf	A Theory of Ordinary p-adic Curves.pdf	pOrd	1974
Panoramic Overview of Inter-universal Teichmuller Theory.pdf	Arithmetic Elliptic Curves in General Position.pdf	GenEll	2002
Panoramic Overview of Inter-universal Teichmuller Theory.pdf	Inter-universal Teichmuller Theory I.pdf	IUTchI	2006
Panoramic Overview of Inter-universal Teichmuller Theory.pdf	Inter-universal Teichmuller Theory II.pdf	IUTchII	2008
Panoramic Overview of Inter-universal Teichmuller Theory.pdf	Inter-universal Teichmuller Theory III.pdf	IUTchIII	2010
Panoramic Overview of Inter-universal Teichmuller Theory.pdf	Inter-universal Teichmuller Theory IV.pdf	IUTchIV	2012
Panoramic Overview of Inter-universal Teichmuller Theory.pdf	Semi-graphs of Anabelioids.pdf	Semi	1988
Panoramic Overview of Inter-universal Teichmuller Theory.pdf	The Etale Theta Function and its Frobenioid-theoretic Manifestations.pdf	EtTh	1994
Panoramic Overview of Inter-universal Teichmuller Theory.pdf	The Geometry of Frobenioids I.pdf	FrdI	1990
Panoramic Overview of Inter-universal Teichmuller Theory.pdf	The Geometry of Frobenioids II.pdf	FrdII	1992
Pop-Stix-comments.pdf	Semi-graphs of Anabelioids.pdf	Semi	184
Report on a certain series of preprints (2024-03).pdf	Alien Copies, Gaussians, and Inter-universal Teichmuller Theory.pdf	Alien	495
Report on a certain series of preprints (2024-03).pdf	Essential Logical Structure of Inter-universal Teichmuller Theory.pdf	EssLgc	501
Report on a certain series of preprints (2024-03).pdf	Inter-universal Teichmuller Theory I.pdf	IUTchI	478
Report on a certain series of preprints (2024-03).pdf	Inter-universal Teichmuller Theory II.pdf	IUTchII	480
Report on a certain series of preprints (2024-03).pdf	Inter-universal Teichmuller Theory III.pdf	IUTchIII	482
Report on a certain series of preprints (2024-03).pdf	Inter-universal Teichmuller Theory IV.pdf	IUTchIV	484
Resolution of Nonsingularities for Arbitrary Hyperbolic Curves.pdf	Absolute Anabelian Geometry.pdf	AbsAnab	5623
Resolution of Nonsingularities for Arbitrary Hyperbolic Curves.pdf	Combinatorial Anabelian Topics I.pdf	CbTpI	5569
Resolution of Nonsingularities for Arbitrary Hyperbolic Curves.pdf	Combinatorial Anabelian Topics II.pdf	CbTpII	5573
Resolution of Nonsingularities for Arbitrary Hyperbolic Curves.pdf	Combinatorial Anabelian Topics III.pdf	CbTpIII	5576
Resolution of Nonsingularities for Arbitrary Hyperbolic Curves.pdf	Combinatorial Anabelian Topics IV.pdf	CbTpIV	5579
Resolution of Nonsingularities for Arbitrary Hyperbolic Curves.pdf	Combinatorial Cuspidalization.pdf	CmbCsp	5632
Resolution of Nonsingularities for Arbitrary Hyperbolic Curves.pdf	Combinatorial Grothendieck Conjecture.pdf	CmbGC	5630
Resolution of Nonsingularities for Arbitrary Hyperbolic Curves.pdf	Semi-graphs of Anabelioids.pdf	Semi	5559
Resolution of Nonsingularities for Arbitrary Hyperbolic Curves.pdf	Semi-graphs of Anabelioids.pdf	Semi	5628
Rpt2018.pdf	Alien Copies, Gaussians, and Inter-universal Teichmuller Theory.pdf	Alien	2274
Rpt2018.pdf	Inter-universal Teichmuller Theory I.pdf	IUTchI	2256
Rpt2018.pdf	Inter-universal Teichmuller Theory II.pdf	IUTchII	2258
Rpt2018.pdf	Inter-universal Teichmuller Theory III.pdf	IUTchIII	2260
Rpt2018.pdf	Inter-universal Teichmuller Theory IV.pdf	IUTchIV	2262
Semi-graphs of Anabelioids (comments).pdf	The Geometry of Frobenioids II.pdf	FrdII	308
Semi-graphs of Anabelioids.pdf	Connections and Related Structures on the Universal Extension of an Elliptic Curve.PDF	Mzk3	4447
Semi-graphs of Anabelioids.pdf	The Hodge-Arakelov Theory of Elliptic Curves.pdf	Mzk1	4443
Semi-graphs of Anabelioids.pdf	The Scheme-theoretic Theta Convolution.pdf	Mzk2	4445
Tch Dilations of Varying Hues (ICMS 2025 version) [marked up version].pdf	Alien Copies, Gaussians, and Inter-universal Teichmuller Theory.pdf	Alien	584
Tch Dilations of Varying Hues (ICMS 2025 version) [marked up version].pdf	Essential Logical Structure of Inter-universal Teichmuller Theory.pdf	EssLgc	591
Tch Dilations of Varying Hues (ICMS 2025 version) [marked up version].pdf	Inter-universal Teichmuller Theory I.pdf	IUTchI	574
Tch Dilations of Varying Hues (ICMS 2025 version) [marked up version].pdf	Inter-universal Teichmuller Theory II.pdf	IUTchII	576
Tch Dilations of Varying Hues (ICMS 2025 version) [marked up version].pdf	Inter-universal Teichmuller Theory III.pdf	IUTchIII	578
Tch Dilations of Varying Hues (ICMS 2025 version) [marked up version].pdf	Inter-universal Teichmuller Theory IV.pdf	IUTchIV	581
Tch Dilations of Varying Hues (ICMS 2025 version).pdf	Alien Copies, Gaussians, and Inter-universal Teichmuller Theory.pdf	Alien	584
Tch Dilations of Varying Hues (ICMS 2025 version).pdf	Essential Logical Structure of Inter-universal Teichmuller Theory.pdf	EssLgc	591
Tch Dilations of Varying Hues (ICMS 2025 version).pdf	Inter-universal Teichmuller Theory I.pdf	IUTchI	574
Tch Dilations of Varying Hues (ICMS 2025 version).pdf	Inter-universal Teichmuller Theory II.pdf	IUTchII	576
Tch Dilations of Varying Hues (ICMS 2025 version).pdf	Inter-universal Teichmuller Theory III.pdf	IUTchIII	578
Tch Dilations of Varying Hues (ICMS 2025 version).pdf	Inter-universal Teichmuller Theory IV.pdf	IUTchIV	581
The Algebraic and Anabelian Geometry of Configuration Spaces (comments on strongly torsion-free groups).pdf	Semi-graphs of Anabelioids.pdf	Semi	219
The Algebraic and Anabelian Geometry of Configuration Spaces (comments on strongly torsion-free groups).pdf	The Hodge-Arakelov Theory of Elliptic Curves.pdf	Mzk1	219
The Algebraic and Anabelian Geometry of Configuration Spaces (comments on strongly torsion-free groups).pdf	The Scheme-theoretic Theta Convolution.pdf	Mzk2	221
The Algebraic and Anabelian Geometry of Configuration Spaces.pdf	Connections and Related Structures on the Universal Extension of an Elliptic Curve.PDF	Mzk3	2696
The Algebraic and Anabelian Geometry of Configuration Spaces.pdf	The Hodge-Arakelov Theory of Elliptic Curves.pdf	Mzk1	2691
The Algebraic and Anabelian Geometry of Configuration Spaces.pdf	The Scheme-theoretic Theta Convolution.pdf	Mzk2	2693
The Etale Theta Function and its Frobenioid-theoretic Manifestations (related expositions).pdf	Inter-universal Teichmuller Theory II.pdf	IUTchII	22
The Etale Theta Function and its Frobenioid-theoretic Manifestations (related expositions).pdf	Inter-universal Teichmuller Theory III.pdf	IUTchIII	24
The Etale Theta Function and its Frobenioid-theoretic Manifestations (related expositions).pdf	The Etale Theta Function and its Frobenioid-theoretic Manifestations.pdf	EtTh	20
The Etale Theta Function and its Frobenioid-theoretic Manifestations.pdf	Connections and Related Structures on the Universal Extension of an Elliptic Curve.PDF	Mzk3	8391
The Etale Theta Function and its Frobenioid-theoretic Manifestations.pdf	Semi-graphs of Anabelioids.pdf	Semi	8418
The Etale Theta Function and its Frobenioid-theoretic Manifestations.pdf	The Hodge-Arakelov Theory of Elliptic Curves.pdf	Mzk1	8386
The Etale Theta Function and its Frobenioid-theoretic Manifestations.pdf	The Hodge-Arakelov Theory of Elliptic Curves.pdf	Mzk1	8408
The Etale Theta Function and its Frobenioid-theoretic Manifestations.pdf	The Hodge-Arakelov Theory of Elliptic Curves.pdf	Mzk1	8410
The Etale Theta Function and its Frobenioid-theoretic Manifestations.pdf	The Hodge-Arakelov Theory of Elliptic Curves.pdf	Mzk1	8412
The Etale Theta Function and its Frobenioid-theoretic Manifestations.pdf	The Hodge-Arakelov Theory of Elliptic Curves.pdf	Mzk1	8414
The Etale Theta Function and its Frobenioid-theoretic Manifestations.pdf	The Hodge-Arakelov Theory of Elliptic Curves.pdf	Mzk1	8418
The Etale Theta Function and its Frobenioid-theoretic Manifestations.pdf	The Hodge-Arakelov Theory of Elliptic Curves.pdf	Mzk1	8420
The Etale Theta Function and its Frobenioid-theoretic Manifestations.pdf	The Hodge-Arakelov Theory of Elliptic Curves.pdf	Mzk1	8422
The Etale Theta Function and its Frobenioid-theoretic Manifestations.pdf	The Hodge-Arakelov Theory of Elliptic Curves.pdf	Mzk1	8424
The Etale Theta Function and its Frobenioid-theoretic Manifestations.pdf	The Hodge-Arakelov Theory of Elliptic Curves.pdf	Mzk1	8426
The Etale Theta Function and its Frobenioid-theoretic Manifestations.pdf	The Scheme-theoretic Theta Convolution.pdf	Mzk2	8389
The Galois-Theoretic Kodaira-Spencer Morphism of an Elliptic Curve.pdf	Connections and Related Structures on the Universal Extension of an Elliptic Curve.PDF	Mzk3	1489
The Galois-Theoretic Kodaira-Spencer Morphism of an Elliptic Curve.pdf	The Hodge-Arakelov Theory of Elliptic Curves.pdf	Mzk1	1485
The Galois-Theoretic Kodaira-Spencer Morphism of an Elliptic Curve.pdf	The Scheme-theoretic Theta Convolution.pdf	Mzk2	1487
The Geometry of Anabelioids.pdf	Connections and Related Structures on the Universal Extension of an Elliptic Curve.PDF	Mzk3	2514
The Geometry of Anabelioids.pdf	The Hodge-Arakelov Theory of Elliptic Curves.pdf	Mzk1	2508
The Geometry of Anabelioids.pdf	The Scheme-theoretic Theta Convolution.pdf	Mzk2	2510
The Geometry of Frobenioids I (comments).pdf	The Geometry of Frobenioids II.pdf	FrdII	227
The Geometry of Frobenioids I.pdf	Connections and Related Structures on the Universal Extension of an Elliptic Curve.PDF	Mzk3	340
The Geometry of Frobenioids I.pdf	Connections and Related Structures on the Universal Extension of an Elliptic Curve.PDF	Mzk3	344
The Geometry of Frobenioids I.pdf	Connections and Related Structures on the Universal Extension of an Elliptic Curve.PDF	Mzk3	6244
The Geometry of Frobenioids I.pdf	Semi-graphs of Anabelioids.pdf	Semi	57
The Geometry of Frobenioids I.pdf	Semi-graphs of Anabelioids.pdf	Semi	6263
The Geometry of Frobenioids I.pdf	Semi-graphs of Anabelioids.pdf	Semi	803
The Geometry of Frobenioids I.pdf	The Hodge-Arakelov Theory of Elliptic Curves.pdf	Mzk1	6239
The Geometry of Frobenioids I.pdf	The Hodge-Arakelov Theory of Elliptic Curves.pdf	Mzk1	6261
The Geometry of Frobenioids I.pdf	The Hodge-Arakelov Theory of Elliptic Curves.pdf	Mzk1	6263
The Geometry of Frobenioids I.pdf	The Hodge-Arakelov Theory of Elliptic Curves.pdf	Mzk1	6265
The Geometry of Frobenioids I.pdf	The Hodge-Arakelov Theory of Elliptic Curves.pdf	Mzk1	6267
The Geometry of Frobenioids I.pdf	The Hodge-Arakelov Theory of Elliptic Curves.pdf	Mzk1	6269
The Geometry of Frobenioids I.pdf	The Hodge-Arakelov Theory of Elliptic Curves.pdf	Mzk1	6273
The Geometry of Frobenioids I.pdf	The Hodge-Arakelov Theory of Elliptic Curves.pdf	Mzk1	6275
The Geometry of Frobenioids I.pdf	The Scheme-theoretic Theta Convolution.pdf	Mzk2	6241
The Geometry of Frobenioids II (comments).pdf	The Geometry of Frobenioids I.pdf	FrdI	102
The Geometry of Frobenioids II.pdf	Connections and Related Structures on the Universal Extension of an Elliptic Curve.PDF	Mzk3	3615
The Geometry of Frobenioids II.pdf	Semi-graphs of Anabelioids.pdf	Semi	3613
The Geometry of Frobenioids II.pdf	The Hodge-Arakelov Theory of Elliptic Curves.pdf	Mzk1	3611
The Geometry of Frobenioids II.pdf	The Scheme-theoretic Theta Convolution.pdf	Mzk2	3613
The Hodge-Arakelov Theory of Elliptic Curves in Positive Characteristic.pdf	Connections and Related Structures on the Universal Extension of an Elliptic Curve.PDF	Mzk3	1638
The Hodge-Arakelov Theory of Elliptic Curves in Positive Characteristic.pdf	The Hodge-Arakelov Theory of Elliptic Curves.pdf	Mzk1	1634
The Hodge-Arakelov Theory of Elliptic Curves in Positive Characteristic.pdf	The Scheme-theoretic Theta Convolution.pdf	Mzk2	1636
The Hodge-Arakelov Theory of Elliptic Curves.pdf	Connections and Related Structures on the Universal Extension of an Elliptic Curve.PDF	Mzk3	1430
The Hodge-Arakelov Theory of Elliptic Curves.pdf	Connections and Related Structures on the Universal Extension of an Elliptic Curve.PDF	Mzk3	20255
The Hodge-Arakelov Theory of Elliptic Curves.pdf	The Scheme-theoretic Theta Convolution.pdf	Mzk2	14017
The Hodge-Arakelov Theory of Elliptic Curves.pdf	The Scheme-theoretic Theta Convolution.pdf	Mzk2	1428
The Hodge-Arakelov Theory of Elliptic Curves.pdf	The Scheme-theoretic Theta Convolution.pdf	Mzk2	1994
The Hodge-Arakelov Theory of Elliptic Curves.pdf	The Scheme-theoretic Theta Convolution.pdf	Mzk2	20253
The Hodge-Arakelov Theory of Elliptic Curves.pdf	The Scheme-theoretic Theta Convolution.pdf	Mzk2	4716
The Intrinsic Hodge Theory of Hyperbolic Curves (Seoul 1998).pdf	Connections and Related Structures on the Universal Extension of an Elliptic Curve.PDF	Mzk3	785
The Intrinsic Hodge Theory of Hyperbolic Curves (Seoul 1998).pdf	The Hodge-Arakelov Theory of Elliptic Curves.pdf	Mzk1	781
The Intrinsic Hodge Theory of Hyperbolic Curves (Seoul 1998).pdf	The Scheme-theoretic Theta Convolution.pdf	Mzk2	783
The Intrinsic Hodge Theory of p-adic Hyperbolic Curves (ICM98).pdf	Connections and Related Structures on the Universal Extension of an Elliptic Curve.PDF	Mzk3	425
The Intrinsic Hodge Theory of p-adic Hyperbolic Curves (ICM98).pdf	The Hodge-Arakelov Theory of Elliptic Curves.pdf	Mzk1	421
The Intrinsic Hodge Theory of p-adic Hyperbolic Curves (ICM98).pdf	The Scheme-theoretic Theta Convolution.pdf	Mzk2	423
The Intrinsic Hodge Theory of p-adic Hyperbolic Curves (Nara 1998).pdf	Connections and Related Structures on the Universal Extension of an Elliptic Curve.PDF	Mzk3	324
The Intrinsic Hodge Theory of p-adic Hyperbolic Curves (Nara 1998).pdf	The Hodge-Arakelov Theory of Elliptic Curves.pdf	Mzk1	320
The Intrinsic Hodge Theory of p-adic Hyperbolic Curves (Nara 1998).pdf	The Scheme-theoretic Theta Convolution.pdf	Mzk2	322
The Local Pro-p Anabelian Geometry of Curves.pdf	Connections and Related Structures on the Universal Extension of an Elliptic Curve.PDF	Mzk3	5726
The Local Pro-p Anabelian Geometry of Curves.pdf	The Hodge-Arakelov Theory of Elliptic Curves.pdf	Mzk1	5722
The Local Pro-p Anabelian Geometry of Curves.pdf	The Scheme-theoretic Theta Convolution.pdf	Mzk2	5724
The Profinite Grothendieck Conjecture for Closed Hyperbolic Curves over Number Fields.pdf	The Scheme-theoretic Theta Convolution.pdf	Mzk2	2664
Topics Surrounding the Anabelian Geometry of Hyperbolic Curves.pdf	Connections and Related Structures on the Universal Extension of an Elliptic Curve.PDF	Mzk3	2344
Topics Surrounding the Anabelian Geometry of Hyperbolic Curves.pdf	The Hodge-Arakelov Theory of Elliptic Curves.pdf	Mzk1	2340
Topics Surrounding the Anabelian Geometry of Hyperbolic Curves.pdf	The Scheme-theoretic Theta Convolution.pdf	Mzk2	2342
Topics in Absolute Anabelian Geometry I.pdf	Connections and Related Structures on the Universal Extension of an Elliptic Curve.PDF	Mzk3	4339
Topics in Absolute Anabelian Geometry I.pdf	Semi-graphs of Anabelioids.pdf	Semi	4356
Topics in Absolute Anabelian Geometry I.pdf	The Hodge-Arakelov Theory of Elliptic Curves.pdf	Mzk1	4335
Topics in Absolute Anabelian Geometry I.pdf	The Hodge-Arakelov Theory of Elliptic Curves.pdf	Mzk1	4356
Topics in Absolute Anabelian Geometry I.pdf	The Hodge-Arakelov Theory of Elliptic Curves.pdf	Mzk1	4358
Topics in Absolute Anabelian Geometry I.pdf	The Hodge-Arakelov Theory of Elliptic Curves.pdf	Mzk1	4360
Topics in Absolute Anabelian Geometry I.pdf	The Hodge-Arakelov Theory of Elliptic Curves.pdf	Mzk1	4362
Topics in Absolute Anabelian Geometry I.pdf	The Hodge-Arakelov Theory of Elliptic Curves.pdf	Mzk1	4364
Topics in Absolute Anabelian Geometry I.pdf	The Hodge-Arakelov Theory of Elliptic Curves.pdf	Mzk1	4366
Topics in Absolute Anabelian Geometry I.pdf	The Scheme-theoretic Theta Convolution.pdf	Mzk2	4337
Topics in Absolute Anabelian Geometry II.pdf	Connections and Related Structures on the Universal Extension of an Elliptic Curve.PDF	Mzk3	4383
Topics in Absolute Anabelian Geometry II.pdf	Semi-graphs of Anabelioids.pdf	Semi	4396
Topics in Absolute Anabelian Geometry II.pdf	The Hodge-Arakelov Theory of Elliptic Curves.pdf	Mzk1	4379
Topics in Absolute Anabelian Geometry II.pdf	The Hodge-Arakelov Theory of Elliptic Curves.pdf	Mzk1	4398
Topics in Absolute Anabelian Geometry II.pdf	The Hodge-Arakelov Theory of Elliptic Curves.pdf	Mzk1	4400
Topics in Absolute Anabelian Geometry II.pdf	The Hodge-Arakelov Theory of Elliptic Curves.pdf	Mzk1	4404
Topics in Absolute Anabelian Geometry II.pdf	The Hodge-Arakelov Theory of Elliptic Curves.pdf	Mzk1	4406
Topics in Absolute Anabelian Geometry II.pdf	The Hodge-Arakelov Theory of Elliptic Curves.pdf	Mzk1	4408
Topics in Absolute Anabelian Geometry II.pdf	The Hodge-Arakelov Theory of Elliptic Curves.pdf	Mzk1	4410
Topics in Absolute Anabelian Geometry II.pdf	The Hodge-Arakelov Theory of Elliptic Curves.pdf	Mzk1	4412
Topics in Absolute Anabelian Geometry II.pdf	The Hodge-Arakelov Theory of Elliptic Curves.pdf	Mzk1	4416
Topics in Absolute Anabelian Geometry II.pdf	The Scheme-theoretic Theta Convolution.pdf	Mzk2	4381
Topics in Absolute Anabelian Geometry III.pdf	Connections and Related Structures on the Universal Extension of an Elliptic Curve.PDF	Mzk3	9570
Topics in Absolute Anabelian Geometry III.pdf	Semi-graphs of Anabelioids.pdf	Semi	9597
Topics in Absolute Anabelian Geometry III.pdf	The Hodge-Arakelov Theory of Elliptic Curves.pdf	Mzk1	9566
Topics in Absolute Anabelian Geometry III.pdf	The Hodge-Arakelov Theory of Elliptic Curves.pdf	Mzk1	9591
Topics in Absolute Anabelian Geometry III.pdf	The Hodge-Arakelov Theory of Elliptic Curves.pdf	Mzk1	9593
Topics in Absolute Anabelian Geometry III.pdf	The Hodge-Arakelov Theory of Elliptic Curves.pdf	Mzk1	9595
Topics in Absolute Anabelian Geometry III.pdf	The Hodge-Arakelov Theory of Elliptic Curves.pdf	Mzk1	9597
Topics in Absolute Anabelian Geometry III.pdf	The Hodge-Arakelov Theory of Elliptic Curves.pdf	Mzk1	9599
Topics in Absolute Anabelian Geometry III.pdf	The Hodge-Arakelov Theory of Elliptic Curves.pdf	Mzk1	9601
Topics in Absolute Anabelian Geometry III.pdf	The Hodge-Arakelov Theory of Elliptic Curves.pdf	Mzk1	9603
Topics in Absolute Anabelian Geometry III.pdf	The Hodge-Arakelov Theory of Elliptic Curves.pdf	Mzk1	9605
Topics in Absolute Anabelian Geometry III.pdf	The Hodge-Arakelov Theory of Elliptic Curves.pdf	Mzk1	9607
Topics in Absolute Anabelian Geometry III.pdf	The Hodge-Arakelov Theory of Elliptic Curves.pdf	Mzk1	9609
Topics in Absolute Anabelian Geometry III.pdf	The Scheme-theoretic Theta Convolution.pdf	Mzk2	9568
Topics in Absolute Anabelian Geometry III.pdf	The Scheme-theoretic Theta Convolution.pdf	Mzk2	9611
Topics in Absolute Anabelian Geometry III.pdf	The Scheme-theoretic Theta Convolution.pdf	Mzk2	9613
hoshi-master-2006-03.pdf	Semi-graphs of Anabelioids.pdf	Semi	7489
notesoniut.pdf	Alien Copies, Gaussians, and Inter-universal Teichmuller Theory.pdf	Alien	1396
