file	incoming	outgoing
2008-05 arith-teich-intro-ohp-1jpg.pdf	0	0
2008-05 arith-teich-intro-ohp-2jpg.pdf	0	0
2008-05 arith-teich-intro-ohp-3jpg.pdf	0	0
2008-05 arith-teich-intro-ohp-4jpg.pdf	0	0
2008-05 arith-teich-intro-ohp-5jpg.pdf	0	0
2008-05 danwakai-abstract.pdf	0	0
2008-05 danwakai-ohp-jpg.pdf	0	0
2008-05 shuuchuu-kougi-gaiyou.pdf	0	0
2008-zenki-report-mondai.pdf	0	0
2010-10-abstract.pdf	0	0
2015-03 IUTeich Program.pdf	0	0
2015-03-09 Pictures (Hoshi).pdf	0	0
2015-03-09 Pictures (Mochizuki).pdf	0	0
2015-03-10 Pictures (Hoshi).pdf	0	0
2015-03-10 Pictures (Mochizuki).pdf	0	0
2015-03-11 Pictures (Hoshi).pdf	0	0
2015-03-11 Pictures (Mochizuki).pdf	0	0
2015-03-12 Pictures (Hoshi).pdf	0	0
2015-03-12 Pictures (Mochizuki).pdf	0	0
2015-03-13 Pictures (Hoshi).pdf	0	0
2015-03-13 Pictures (Mochizuki).pdf	0	0
2015-03-16 Pictures (Hoshi).pdf	0	0
2015-03-16 Pictures (Mochizuki).pdf	0	0
2015-03-17 Pictures (Hoshi).pdf	0	0
2015-03-17 Pictures (Mochizuki).pdf	0	0
2015-03-18 Pictures (Hoshi).pdf	0	0
2015-03-18 Pictures (Mochizuki).pdf	0	0
2015-03-19 Pictures (Hoshi).pdf	0	0
2015-03-19 Pictures (Mochizuki).pdf	0	0
2015-03-20 Pictures (Hoshi).pdf	0	0
2015-03-20 Pictures (Mochizuki).pdf	0	0
2015-04-24 Indecomposability of Various Profinite Groups Arising from Hyperbolic Curves.pdf	0	0
2015-10-18 Degeneration of Period Matices.pdf	0	0
2016-01-25 Minamide on Combinatorial Anabelian Geometry (1).pdf	0	0
2016-01-25 Minamide on Combinatorial Anabelian Geometry (2).pdf	0	0
2016-01-25 Minamide on Combinatorial Anabelian Geometry (3).pdf	0	0
2016-01-25 Minamide on Combinatorial Anabelian Geometry (4).pdf	0	0
2016-03-15 Minamide on Combinatorial Anabelian Geometry (1).pdf	0	0
2016-03-15 Minamide on Combinatorial Anabelian Geometry (2).pdf	0	0
2016-03-15 Minamide on Combinatorial Anabelian Geometry (3).pdf	0	0
2016-03-15 Minamide on Combinatorial Anabelian Geometry (4).pdf	0	0
2016-05-24-1 Introduction to multiple zeta values (Yamashita).pdf	0	0
2016-05-24-2 Introduction to multiple zeta values (Yamashita).pdf	0	0
2016-05-24-3 Introduction to multiple zeta values (Yamashita).pdf	0	0
2016-05-24-4 Introduction to multiple zeta values (Yamashita).pdf	0	0
2016-05-24-5 Introduction to multiple zeta values (Yamashita).pdf	0	0
2016-05-24-6 Introduction to multiple zeta values (Yamashita).pdf	0	0
2016-09-13 Minamide on Configuration Space Groups (1).pdf	0	0
2016-09-13 Minamide on Configuration Space Groups (2).pdf	0	0
2016-09-13 Minamide on Configuration Space Groups (3).pdf	0	0
2016-09-13 Minamide on Configuration Space Groups (4).pdf	0	0
2018-03-12 Reconstruction of inertia groups associated to log divisors from a configuration space  group equipped with log-full subgroups.pdf	0	4
2018-05-07 Geometric version of the Grothendieck Conjecutre for universal curves over Hurwitz stacks.pdf	0	4
2018-06-25 Near Miss abc-Triples in General Number Fields.pdf	0	0
2019-02-24 Near miss abc-triples in compactly bounded subsets.pdf	0	2
2020-11 Classical roots of IUT (Abstract).pdf	0	0
2020-11 Classical roots of IUT (marked up version).pdf	0	6
2020-11 Classical roots of IUT.pdf	0	6
2023-08 Brief report on the current situation surrounding inter-universal Teichmuller theory (IUT).pdf	0	0
2024-04 Announcement on the occasion of the awarding of the IUT Innovator Prize (Japanese).pdf	0	0
A Brief Introduction to Inter-universal Geometry (Tokyo 2004-01).pdf	0	0
A Brief Survey of the Geometry of Categories (Okayama 2005-05).pdf	0	0
A Survey of Absolute p-adic Anabelian Geometry (RIMS Kyoto 2006-11).pdf	0	0
A Survey of the Hodge-Arakelov Theory of Elliptic Curves I (comments).pdf	0	0
A Survey of the Hodge-Arakelov Theory of Elliptic Curves I.pdf	8	3
A Survey of the Hodge-Arakelov Theory of Elliptic Curves II (comments).pdf	0	0
A Survey of the Hodge-Arakelov Theory of Elliptic Curves II.pdf	7	0
A Theory of Ordinary p-adic Curves (comments).pdf	0	1
A Theory of Ordinary p-adic Curves.pdf	7	0
A Version of the Grothendieck Conjecture for p-adic Local Fields.pdf	0	0
Absolute Anabelian Cuspidalizations (LaTeX version).pdf	0	3
Absolute Anabelian Cuspidalizations (RIMS Kyoto 2005-02).pdf	0	0
Absolute Anabelian Cuspidalizations (comments).pdf	0	0
Absolute Anabelian Cuspidalizations.pdf	4	3
Absolute Anabelian Geometry (comments).pdf	0	0
Absolute Anabelian Geometry.pdf	6	3
Alien Copies, Gaussians, and Inter-universal Teichmuller Theory.pdf	21	20
An Introduction to p-adic Teichmuller Theory (comments).pdf	0	0
An Introduction to p-adic Teichmuller Theory.pdf	1	3
An explicit formula for the generic number of dormant indigenous bundles.pdf	0	0
Anabelian Geometry from an Inter-universal Point of View (RIMS Kyoto 2004-09).pdf	0	0
Anabelian Geometry in the Hodge-Arakelov Theory of Elliptic Curves (Kokyuroku 2002).pdf	0	10
Anabelioid no kikagaku (Meijidai 2002-03).pdf	0	0
Anabelioid no kikagaku to Teichmuller riron (Muroran 2002-08).pdf	0	0
Arithmetic Elliptic Curves in General Position (comments).pdf	0	0
Arithmetic Elliptic Curves in General Position.pdf	9	3
Bogomolov from the Point of View of Inter-universal Teichmuller Theory (comments).pdf	0	0
Bogomolov from the Point of View of Inter-universal Teichmuller Theory.pdf	0	7
Canonical Liftings (comments).pdf	0	0
Canonical Liftings.pdf	0	3
Categorical Representation of Arithmetic Log Schemes - with Applications to the Arithmetic of Elliptic Curves (Tokyo 2004-02).pdf	0	0
Categorical Representation of Locally Noetherian Log Schemes (comments).pdf	0	0
Categorical Representation of Locally Noetherian Log Schemes.pdf	0	0
Categories of Hyperbolic Riemann Surfaces (comments).pdf	0	0
Categories of Hyperbolic Riemann Surfaces.pdf	0	7
Categories of Log Schemes with Archimedean Structures (LaTeX version).pdf	0	2
Categories of Log Schemes with Archimedean Structures (comments).pdf	0	0
Categories of Log Schemes with Archimedean Structures.pdf	0	2
Classical roots of IUT (marked up version 2021-12-14).pdf	0	6
Combinatorial Anabelian Topics I (comments).pdf	0	0
Combinatorial Anabelian Topics I.pdf	10	3
Combinatorial Anabelian Topics II.pdf	10	4
Combinatorial Anabelian Topics III.pdf	4	6
Combinatorial Anabelian Topics IV.pdf	3	6
Combinatorial Cuspidalization (comments).pdf	0	0
Combinatorial Cuspidalization.pdf	8	1
Combinatorial Grothendieck Conjecture (comments).pdf	0	1
Combinatorial Grothendieck Conjecture.pdf	10	4
Combinatorial Section Conjecture and Pop-Stix.pdf	0	2
Combinatorial absolute Galois groups.pdf	0	5
Comments on Valuations.pdf	0	0
Connections and Related Structures on the Universal Extension of an Elliptic Curve.PDF	34	0
Connections and Related Structures on the Universal Extension of an Elliptic Curve.pdf	0	3
Correspondences on Hyperbolic Curves (comments).pdf	0	0
Correspondences on Hyperbolic Curves.pdf	0	3
Daenkyokusen no Hodge-Arakelov riron (Kyoutodaigaku suuron goudou seminaa 1999-12).pdf	0	0
Daenkyokusen no Hodge-Arakelov riron ni okeru en-aaberu kika+suuronteki bibun to ha nanika (Nagoya 2001-11).pdf	0	0
Daenkyokusen no hikakuteiri to thetakansuu (Toudai 1999-07).pdf	0	0
Daisuukyokusen ni kansuru Grothendieck yosou (ronsetsu).pdf	0	0
Daisuukyokusen ni kansuru Grothendieck yosou - p-shin kika no shiten kara (Tsudajuku 1998-10).pdf	0	0
Daisuukyokusen ni kansuru Grothendieck yosou - p-shin kika no shiten kara (Tsudajuku genkou 1998-10).pdf	0	0
Essential Logical Structure of Inter-universal Teichmuller Theory.pdf	14	11
Explicit estimates in IUTeich.pdf	0	7
Extending Families of Curves over Log Regular Schemes.pdf	0	0
FAQ on IUTeich.pdf	0	0
Fibered products of Hopf algebras and Seifert-van Kampen theorem for semi-graphs of Tannakian categories.pdf	0	1
Formalization of IUT (2026-04).pdf	0	11
Foundations (comments).pdf	2	0
GT Theory as a Species of Teichmuller Theory.pdf	0	6
Galois Sections (comments).pdf	0	0
Galois Sections.pdf	0	3
Global Solvably Closed Anabelian Geometry (LaTeX version).pdf	0	0
Global Solvably Closed Anabelian Geometry.pdf	0	2
Grothendieck yosou (1997nen izen).pdf	0	0
ICM98 no houkoku.pdf	0	0
IUT as an Anabelian Gateway (IUGC2024 version).pdf	0	7
IUT as an Anabelian Gateway (IUT Summit 2025 version).pdf	0	7
IUT as an Anabelian Gateway (MFO-RIMS23 Abstract).pdf	0	0
IUT as an Anabelian Gateway (MFO-RIMS23 Oberwolfach Report).pdf	0	2
IUT as an Anabelian Gateway (MFO-RIMS23 version).pdf	0	7
IUT as an Anabelian Gateway.pdf	0	7
IUT-report-2025-10.pdf	0	0
IUTeich Kenshou Houkoku 2013-12.pdf	0	0
IUTeich Kenshou Houkoku 2014-12.pdf	0	0
IUTeich Verification Report 2013-12.pdf	0	12
Inter-universal Hodge-Arakelov Theory (RIMS Kyoto 2005-12).pdf	0	0
Inter-universal Teichmuller Theory --- a Progress Report.pdf	0	0
Inter-universal Teichmuller Theory I.pdf	26	15
Inter-universal Teichmuller Theory II.pdf	27	12
Inter-universal Teichmuller Theory III.pdf	27	8
Inter-universal Teichmuller Theory IV (comments).pdf	0	0
Inter-universal Teichmuller Theory IV.pdf	27	13
Invitation to view IUT workshop videos.pdf	0	0
Jitsu fukusotayoutai no sekushon yosou to sokuchisen no kika (Hanshidai 2000-09).pdf	0	0
Kako to genzai no kenkyu (fonto umekomi ban).pdf	0	0
Kako to genzai no kenkyu.pdf	0	0
Kihongun ni utsuru soukyokuteki kyokusen no kouzou.pdf	0	0
Minamide --- Explicit estimates in inter-universal Teichmuller theory (in progress).pdf	0	0
Minamide --- Introduction to Combinatorial Anabelian Geometry III.pdf	0	0
Mochiifu.pdf	0	0
Monomorphisms in Categories of Log Schemes.pdf	0	1
Nodally Nondegenerate Outer Representations (comments).pdf	0	0
Nodally Nondegenerate Outer Representations.pdf	0	4
Noncritical Belyi Maps (comments).pdf	0	0
Noncritical Belyi Maps.pdf	1	0
Numerical invariants and distinguished subgroups of configuration spaces.pdf	0	5
On Semi-positivity and Filtered Frobenius Crystals.pdf	0	0
On the Essential Logical Structure of IUT I, II, III (marked up version).pdf	0	7
On the Essential Logical Structure of IUT I, II, III, IV, V (marked up version 2021-12-14).pdf	0	7
On the Essential Logical Structure of IUT I, II, III, IV, V.pdf	0	7
On the Essential Logical Structure of IUT IV, V (marked up version).pdf	0	7
Overview of Combinatorial Anabelian Geometry (Microsoft Whiteboard Image).pdf	0	0
Overview of Combinatorial Anabelian Geometry (marked up version).pdf	0	4
Overview of Combinatorial Anabelian Geometry.pdf	0	5
Panoramic Overview of Inter-universal Teichmuller Theory (comments).pdf	0	0
Panoramic Overview of Inter-universal Teichmuller Theory.pdf	16	12
Pop-Stix-comments.pdf	0	1
Report on a certain series of preprints (2024-03).pdf	0	6
Resolution of Nonsingularities for Arbitrary Hyperbolic Curves.pdf	0	9
Responses to questions on Frobenioids.pdf	0	0
Risanfuchikan no almost etale extensions (gakuseiyou no nooto).pdf	0	0
Rpt2018.pdf	0	5
Semi-graphs of Anabelioids (comments).pdf	0	1
Semi-graphs of Anabelioids.pdf	36	3
Shuukishou no jushoukouen (Tamagawa-shi) 1997-09.pdf	0	0
Suuronkika no fuukei.pdf	0	0
Suuronteki log scheme no kenrontekihyouji kara mita daen kyokusen no suuron (Hokudai 2003-11).pdf	0	0
Suutai to isoukyoumen ni kyoutsuusuru nijigen no gunrontekikika.pdf	0	0
Takoushiki no kai no kinji ga torimotsu suuron to kika no kankei.pdf	0	0
Tan --- Introduction to inter-universal Teichmuller theory (slides).pdf	0	0
Tch Dilations of Varying Hues (ICMS 2025 version) [marked up version].pdf	0	6
Tch Dilations of Varying Hues (ICMS 2025 version).pdf	0	6
Tempered Anabelian Geometry (Hiroshima 2005-02).pdf	0	0
The Algebraic and Anabelian Geometry of Configuration Spaces (comments on strongly torsion-free groups).pdf	0	3
The Algebraic and Anabelian Geometry of Configuration Spaces (comments).pdf	0	0
The Algebraic and Anabelian Geometry of Configuration Spaces.pdf	0	3
The Etale Theta Function and its Frobenioid-theoretic Manifestations (comments).pdf	0	0
The Etale Theta Function and its Frobenioid-theoretic Manifestations (related expositions).pdf	0	3
The Etale Theta Function and its Frobenioid-theoretic Manifestations.pdf	12	13
The Galois-Theoretic Kodaira-Spencer Morphism of an Elliptic Curve.pdf	0	3
The Geometry of Anabelioids (comments).pdf	0	0
The Geometry of Anabelioids.pdf	3	3
The Geometry of Frobenioids I (comments).pdf	0	1
The Geometry of Frobenioids I.pdf	10	15
The Geometry of Frobenioids II (comments).pdf	0	1
The Geometry of Frobenioids II.pdf	9	4
The Geometry of the Compactification of the Hurwitz Scheme (comments).pdf	0	0
The Geometry of the Compactification of the Hurwitz Scheme.pdf	0	0
The Grothendieck Conjecture on the Fundamental Groups of Algebraic Curves.pdf	0	0
The Hodge-Arakelov Theory of Elliptic Curves (Berkeley 1999-09).pdf	0	0
The Hodge-Arakelov Theory of Elliptic Curves (Hotaka 2000-07).pdf	0	0
The Hodge-Arakelov Theory of Elliptic Curves (Utrecht 2000-06).pdf	0	0
The Hodge-Arakelov Theory of Elliptic Curves in Positive Characteristic.pdf	0	3
The Hodge-Arakelov Theory of Elliptic Curves.pdf	84	7
The Intrinsic Hodge Theory of Hyperbolic Curves (Seoul 1998).pdf	0	3
The Intrinsic Hodge Theory of p-adic Hyperbolic Curves (ICM 98).pdf	0	0
The Intrinsic Hodge Theory of p-adic Hyperbolic Curves (ICM98).pdf	0	3
The Intrinsic Hodge Theory of p-adic Hyperbolic Curves (Nara 1998).pdf	0	3
The Intrinsic Hodge Theory of p-adic Hyperbolic Curves (Nara 1998-12).pdf	0	0
The Intrinsic Hodge Theory of p-adic Hyperbolic Curves (Oberwolfach 1996-07).pdf	0	0
The Local Pro-p Anabelian Geometry of Curves (comments).pdf	0	0
The Local Pro-p Anabelian Geometry of Curves.pdf	0	3
The Profinite Grothendieck Conjecture for Closed Hyperbolic Curves over Number Fields (comments).pdf	0	0
The Profinite Grothendieck Conjecture for Closed Hyperbolic Curves over Number Fields.pdf	0	1
The Scheme-theoretic Theta Convolution.pdf	42	0
Title and abstract (Shinichi Mochizuki, Workshop on Arithmetic and Homotopic Galois Theory 2023).pdf	0	0
Topics Surrounding the Anabelian Geometry of Hyperbolic Curves.pdf	0	3
Topics in Absolute Anabelian Geometry I (comments).pdf	0	0
Topics in Absolute Anabelian Geometry I.pdf	0	10
Topics in Absolute Anabelian Geometry II (comments).pdf	0	0
Topics in Absolute Anabelian Geometry II.pdf	0	12
Topics in Absolute Anabelian Geometry III (comments).pdf	0	0
Topics in Absolute Anabelian Geometry III.pdf	0	16
Tripodal transport (Microsoft Whiteboard Image).pdf	0	0
Tripodal transport (marked up version).pdf	0	0
Tripodal transport.pdf	0	0
Tsuujou p-shin kyokusen no riron (1997nen izen).pdf	0	0
Uchuusai Taihimyuuraa riron he no izanai (2+2jikanban).pdf	0	0
Uchuusai Taihimyuuraa riron he no izanai (2015-02).pdf	0	0
Uchuusai Taihimyuuraa riron he no izanai (3jikanban).pdf	0	0
Uchuusai Taihimyuuraa riron he no izanai (kakudaiban).pdf	0	0
Uchuusai Taihimyuuraa riron he no izanai (lecture note ban).pdf	0	0
Uchuusai Taihimyuuraa riron he no izanai.pdf	0	0
Uchuusai ni tsuite no FAQ.pdf	0	0
absolute_anabelian_cuspidalizations.pdf	0	0
hoshi-master-2006-03.pdf	0	1
jsps-prize-mochizuki-shinichi.pdf	0	0
notesoniut.pdf	0	1
oxf15iut.pdf	0	0
p-shin Hodge riron+Grothendieck yosou+hyoujunteki tsuujou kyokusen (1997nen izen).pdf	0	0
p-shin Teichmuller riron no kaisetsu (Hokudai 2001-01).pdf	0	0
rirekisho.pdf	0	0
ronbun-list.pdf	0	0
sokkuri-hausu-link-japanese (fonto umekomi ban).pdf	0	0
sokkuri-hausu-link-japanese.pdf	0	0
taguchi-san-no-nooto.pdf	0	0
talk20150309.pdf	0	0
tamagawa-mochizuki-shinichi-san-no-suugaku.pdf	0	0
wakabayashi-master-2011-03.pdf	0	0
