source	target	target_file	evidence	method
notesoniut.pdf	IUT-I	Inter-universal Teichmuller Theory I.pdf	1.3 as well), which correspond to Cor. 2.3 of [31]-IV , from Cor. 2.2 of [31]-IV . Among potential developments and further applications of IUT I will mention one which is asked about by many mathematicians. It is well known that the abc inequality implies that there exists a positive integer n0 such that the Fermat equation with exponent n does not have positive	title-alias-first-hit
On the Essential Logical Structure of IUT I, II, III (marked up version).pdf	IUT-I	Inter-universal Teichmuller Theory I.pdf	eta functions+ anabelian geometry to the case ofarbitrary elliptic curves by somehow“simulating” GMS + GCG! ESSENTIAL LOGICAL STRUCTURE OF IUT I, II, III, IV, V 3 §2. Gluings via Teichm¨uller dilations, inter-universality, and logical ∧/∨ (cf. [Alien], §2.11; [Alien],§3.3, (ii), (vi), (vii); [Alien],§3.11, (iv); [EssLgc], Examples 2.4.5, 2.4.7, 3.1.1; [EssLgc],§	title-alias-first-hit
On the Essential Logical Structure of IUT I, II, III, IV, V (marked up version 2021-12-14).pdf	IUT-I	Inter-universal Teichmuller Theory I.pdf	eta functions+ anabelian geometry to the case ofarbitrary elliptic curves by somehow“simulating” GMS + GCG! ESSENTIAL LOGICAL STRUCTURE OF IUT I, II, III, IV, V 3 §2. Gluings via Teichm¨uller dilations, inter-universality, and logical ∧/∨ (cf. [Alien], §2.11; [Alien],§3.3, (ii), (vi), (vii); [Alien],§3.11, (iv); [EssLgc], Examples 2.4.5, 2.4.7, 3.1.1; [EssLgc],§	title-alias-first-hit
On the Essential Logical Structure of IUT I, II, III, IV, V.pdf	IUT-I	Inter-universal Teichmuller Theory I.pdf	eta functions+ anabelian geometry to the case ofarbitrary elliptic curves by somehow“simulating” GMS + GCG! ESSENTIAL LOGICAL STRUCTURE OF IUT I, II, III, IV, V 3 §2. Gluings via Teichm¨uller dilations, inter-universality, and logical ∧/∨ (cf. [Alien], §2.11; [Alien],§3.3, (ii), (vi), (vii); [Alien],§3.11, (iv); [EssLgc], Examples 2.4.5, 2.4.7, 3.1.1; [EssLgc],§	title-alias-first-hit
On the Essential Logical Structure of IUT IV, V (marked up version).pdf	IUT-I	Inter-universal Teichmuller Theory I.pdf	eta functions+ anabelian geometry to the case ofarbitrary elliptic curves by somehow“simulating” GMS + GCG! ESSENTIAL LOGICAL STRUCTURE OF IUT I, II, III, IV, V 3 §2. Gluings via Teichm¨uller dilations, inter-universality, and logical ∧/∨ (cf. [Alien], §2.11; [Alien],§3.3, (ii), (vi), (vii); [Alien],§3.11, (iv); [EssLgc], Examples 2.4.5, 2.4.7, 3.1.1; [EssLgc],§	title-alias-first-hit
Tan --- Introduction to inter-universal Teichmuller theory (slides).pdf	IUT-I	Inter-universal Teichmuller Theory I.pdf	an results and the general theory of Frobenioids as blackbox. ▶ Proceed to read Sections 1, 2 of [EtTh], which is the basis of IUT. ▶ Read [IUT-I] and [IUT-II] (brieﬂy), so as to know the basic deﬁnitions. ▶ Read [IUT-III] carefully. To make sense of the various deﬁnitions/constructions in the second half of [IUT-III], one needs all the previous deﬁnitions/result	title-alias-first-hit
Tan --- Introduction to inter-universal Teichmuller theory (slides).pdf	IUT-II	Inter-universal Teichmuller Theory II.pdf	nd the general theory of Frobenioids as blackbox. ▶ Proceed to read Sections 1, 2 of [EtTh], which is the basis of IUT. ▶ Read [IUT-I] and [IUT-II] (brieﬂy), so as to know the basic deﬁnitions. ▶ Read [IUT-III] carefully. To make sense of the various deﬁnitions/constructions in the second half of [IUT-III], one needs all the previous deﬁnitions/results. ▶ The resu	title-alias-first-hit
Tan --- Introduction to inter-universal Teichmuller theory (slides).pdf	IUT-III	Inter-universal Teichmuller Theory III.pdf	read Sections 1, 2 of [EtTh], which is the basis of IUT. ▶ Read [IUT-I] and [IUT-II] (brieﬂy), so as to know the basic deﬁnitions. ▶ Read [IUT-III] carefully. To make sense of the various deﬁnitions/constructions in the second half of [IUT-III], one needs all the previous deﬁnitions/results. ▶ The results in [IUT-IV] were in fact discovered ﬁrst. Section 1 of [IUT	title-alias-first-hit
Tan --- Introduction to inter-universal Teichmuller theory (slides).pdf	IUT-IV	Inter-universal Teichmuller Theory IV.pdf	e of the various deﬁnitions/constructions in the second half of [IUT-III], one needs all the previous deﬁnitions/results. ▶ The results in [IUT-IV] were in fact discovered ﬁrst. Section 1 of [IUT-IV] allows one to see the construction in [IUT-III] in a rather concrete way, hence can be read together with [IUT-III], or even before. S. Mochizuki, The ´ etale theta f	title-alias-first-hit
