file	keyword	count
Responses to questions on Frobenioids.pdf	Frobenioid	76
The Etale Theta Function and its Frobenioid-theoretic Manifestations.pdf	Frobenioid	136
The Etale Theta Function and its Frobenioid-theoretic Manifestations.pdf	Hodge-Arakelov	20
The Etale Theta Function and its Frobenioid-theoretic Manifestations.pdf	etale theta	106
The Etale Theta Function and its Frobenioid-theoretic Manifestations.pdf	anabelian	17
The Etale Theta Function and its Frobenioid-theoretic Manifestations.pdf	Grothendieck conjecture	4
The Etale Theta Function and its Frobenioid-theoretic Manifestations.pdf	Kummer	70
The Etale Theta Function and its Frobenioid-theoretic Manifestations.pdf	log scheme	3
The Geometry of Frobenioids I.pdf	Frobenioid	310
The Geometry of Frobenioids I.pdf	Hodge-Arakelov	4
The Geometry of Frobenioids I.pdf	etale theta	1
The Geometry of Frobenioids I.pdf	anabelian	10
The Geometry of Frobenioids I.pdf	Grothendieck conjecture	1
The Geometry of Frobenioids I.pdf	Szpiro	1
The Geometry of Frobenioids I.pdf	log scheme	15
The Geometry of Frobenioids II.pdf	Frobenioid	188
The Geometry of Frobenioids II.pdf	anabelian	4
The Geometry of Frobenioids II.pdf	Kummer	15
The Geometry of Frobenioids II.pdf	log scheme	1
Topics in Absolute Anabelian Geometry III.pdf	Frobenioid	9
Topics in Absolute Anabelian Geometry III.pdf	Hodge-Arakelov	11
Topics in Absolute Anabelian Geometry III.pdf	etale theta	10
Topics in Absolute Anabelian Geometry III.pdf	anabelian	312
Topics in Absolute Anabelian Geometry III.pdf	Grothendieck conjecture	8
Topics in Absolute Anabelian Geometry III.pdf	Belyi	44
Topics in Absolute Anabelian Geometry III.pdf	Kummer	116
talk20150309.pdf	Frobenioid	1
talk20150309.pdf	anabelian	66
talk20150309.pdf	Kummer	1
notesoniut.pdf	Inter-universal Teichmüller	12
notesoniut.pdf	Frobenioid	12
notesoniut.pdf	étale theta	2
notesoniut.pdf	anabelian	53
notesoniut.pdf	ABC conjecture	7
notesoniut.pdf	Szpiro	24
notesoniut.pdf	Belyi	17
notesoniut.pdf	Kummer	27
oxf15iut.pdf	Inter-universal Teichmüller	1
2008-05 danwakai-abstract.pdf	Hodge-Arakelov	1
2008-05 danwakai-ohp-jpg.pdf	Frobenioid	1
2008-05 danwakai-ohp-jpg.pdf	Hodge-Arakelov	1
2008-05 danwakai-ohp-jpg.pdf	Kummer	1
2010-10-abstract.pdf	Frobenioid	3
2010-10-abstract.pdf	etale theta	1
2010-10-abstract.pdf	anabelian	3
2015-03 IUTeich Program.pdf	Hodge-Arakelov	2
2015-03 IUTeich Program.pdf	Belyi	1
2015-03 IUTeich Program.pdf	Kummer	1
2015-04-24 Indecomposability of Various Profinite Groups Arising from Hyperbolic Curves.pdf	anabelian	13
2015-04-24 Indecomposability of Various Profinite Groups Arising from Hyperbolic Curves.pdf	Grothendieck conjecture	2
2015-10-18 Degeneration of Period Matices.pdf	anabelian	4
2015-10-18 Degeneration of Period Matices.pdf	Grothendieck conjecture	1
2015-10-18 Degeneration of Period Matices.pdf	Kummer	9
2015-10-18 Degeneration of Period Matices.pdf	log scheme	23
2018-03-12 Reconstruction of inertia groups associated to log divisors from a configuration space  group equipped with log-full subgroups.pdf	anabelian	5
2018-03-12 Reconstruction of inertia groups associated to log divisors from a configuration space  group equipped with log-full subgroups.pdf	Grothendieck conjecture	1
2018-03-12 Reconstruction of inertia groups associated to log divisors from a configuration space  group equipped with log-full subgroups.pdf	log scheme	13
2018-05-07 Geometric version of the Grothendieck Conjecutre for universal curves over Hurwitz stacks.pdf	anabelian	4
2018-05-07 Geometric version of the Grothendieck Conjecutre for universal curves over Hurwitz stacks.pdf	Grothendieck conjecture	5
2018-05-07 Geometric version of the Grothendieck Conjecutre for universal curves over Hurwitz stacks.pdf	log scheme	18
2018-06-25 Near Miss abc-Triples in General Number Fields.pdf	ABC conjecture	1
2018-06-25 Near Miss abc-Triples in General Number Fields.pdf	Szpiro	1
2019-02-24 Near miss abc-triples in compactly bounded subsets.pdf	ABC conjecture	6
2019-02-24 Near miss abc-triples in compactly bounded subsets.pdf	Szpiro	5
2020-11 Classical roots of IUT (Abstract).pdf	Inter-universal Teichmüller	2
2020-11 Classical roots of IUT (marked up version).pdf	etale theta	3
2020-11 Classical roots of IUT (marked up version).pdf	anabelian	1
2020-11 Classical roots of IUT (marked up version).pdf	Szpiro	1
2020-11 Classical roots of IUT (marked up version).pdf	Kummer	1
2020-11 Classical roots of IUT (marked up version).pdf	log scheme	1
2020-11 Classical roots of IUT.pdf	etale theta	3
2020-11 Classical roots of IUT.pdf	anabelian	1
2020-11 Classical roots of IUT.pdf	Szpiro	1
2020-11 Classical roots of IUT.pdf	Kummer	1
2020-11 Classical roots of IUT.pdf	log scheme	1
2023-08 Brief report on the current situation surrounding inter-universal Teichmuller theory (IUT).pdf	Inter-universal Teichmüller	2
2023-08 Brief report on the current situation surrounding inter-universal Teichmuller theory (IUT).pdf	anabelian	1
A Survey of Absolute p-adic Anabelian Geometry (RIMS Kyoto 2006-11).pdf	anabelian	6
A Survey of Absolute p-adic Anabelian Geometry (RIMS Kyoto 2006-11).pdf	Belyi	4
A Survey of the Hodge-Arakelov Theory of Elliptic Curves I (comments).pdf	Hodge-Arakelov	1
A Survey of the Hodge-Arakelov Theory of Elliptic Curves I.pdf	Hodge-Arakelov	40
A Survey of the Hodge-Arakelov Theory of Elliptic Curves I.pdf	anabelian	6
A Survey of the Hodge-Arakelov Theory of Elliptic Curves I.pdf	ABC conjecture	1
A Survey of the Hodge-Arakelov Theory of Elliptic Curves I.pdf	Szpiro	5
A Survey of the Hodge-Arakelov Theory of Elliptic Curves II (comments).pdf	Hodge-Arakelov	1
A Survey of the Hodge-Arakelov Theory of Elliptic Curves II.pdf	Hodge-Arakelov	38
A Survey of the Hodge-Arakelov Theory of Elliptic Curves II.pdf	anabelian	5
A Survey of the Hodge-Arakelov Theory of Elliptic Curves II.pdf	Grothendieck conjecture	1
A Survey of the Hodge-Arakelov Theory of Elliptic Curves II.pdf	Szpiro	3
A Survey of the Hodge-Arakelov Theory of Elliptic Curves II.pdf	log scheme	1
A Theory of Ordinary p-adic Curves (comments).pdf	anabelian	1
A Theory of Ordinary p-adic Curves.pdf	Kummer	4
A Theory of Ordinary p-adic Curves.pdf	log scheme	31
A Version of the Grothendieck Conjecture for p-adic Local Fields.pdf	Grothendieck conjecture	6
Absolute Anabelian Cuspidalizations (comments).pdf	anabelian	1
Absolute Anabelian Cuspidalizations (LaTeX version).pdf	anabelian	54
Absolute Anabelian Cuspidalizations (LaTeX version).pdf	Grothendieck conjecture	8
Absolute Anabelian Cuspidalizations (LaTeX version).pdf	Belyi	42
Absolute Anabelian Cuspidalizations (LaTeX version).pdf	Kummer	9
Absolute Anabelian Cuspidalizations.pdf	anabelian	50
Absolute Anabelian Cuspidalizations.pdf	Grothendieck conjecture	7
Absolute Anabelian Cuspidalizations.pdf	Belyi	42
Absolute Anabelian Cuspidalizations.pdf	Kummer	9
Absolute Anabelian Geometry (comments).pdf	anabelian	1
Absolute Anabelian Geometry.pdf	anabelian	37
Absolute Anabelian Geometry.pdf	Grothendieck conjecture	8
Absolute Anabelian Geometry.pdf	Belyi	1
Absolute Anabelian Geometry.pdf	log scheme	7
Alien Copies, Gaussians, and Inter-universal Teichmuller Theory.pdf	Frobenioid	80
Alien Copies, Gaussians, and Inter-universal Teichmuller Theory.pdf	Hodge-Arakelov	25
Alien Copies, Gaussians, and Inter-universal Teichmuller Theory.pdf	etale theta	3
Alien Copies, Gaussians, and Inter-universal Teichmuller Theory.pdf	anabelian	96
Alien Copies, Gaussians, and Inter-universal Teichmuller Theory.pdf	Grothendieck conjecture	4
Alien Copies, Gaussians, and Inter-universal Teichmuller Theory.pdf	ABC conjecture	4
Alien Copies, Gaussians, and Inter-universal Teichmuller Theory.pdf	Szpiro	23
Alien Copies, Gaussians, and Inter-universal Teichmuller Theory.pdf	Belyi	25
Alien Copies, Gaussians, and Inter-universal Teichmuller Theory.pdf	Kummer	146
Alien Copies, Gaussians, and Inter-universal Teichmuller Theory.pdf	log scheme	1
An Introduction to p-adic Teichmuller Theory (comments).pdf	anabelian	1
An Introduction to p-adic Teichmuller Theory.pdf	anabelian	19
An Introduction to p-adic Teichmuller Theory.pdf	Grothendieck conjecture	1
Anabelian Geometry in the Hodge-Arakelov Theory of Elliptic Curves (Kokyuroku 2002).pdf	Hodge-Arakelov	20
Anabelian Geometry in the Hodge-Arakelov Theory of Elliptic Curves (Kokyuroku 2002).pdf	anabelian	19
Anabelian Geometry in the Hodge-Arakelov Theory of Elliptic Curves (Kokyuroku 2002).pdf	Grothendieck conjecture	3
Anabelioid no kikagaku (Meijidai 2002-03).pdf	Hodge-Arakelov	2
Anabelioid no kikagaku (Meijidai 2002-03).pdf	anabelian	4
Anabelioid no kikagaku (Meijidai 2002-03).pdf	Grothendieck conjecture	3
Anabelioid no kikagaku to Teichmuller riron (Muroran 2002-08).pdf	anabelian	3
Anabelioid no kikagaku to Teichmuller riron (Muroran 2002-08).pdf	Grothendieck conjecture	2
Anabelioid no kikagaku to Teichmuller riron (Muroran 2002-08).pdf	log scheme	1
Arithmetic Elliptic Curves in General Position.pdf	anabelian	3
Arithmetic Elliptic Curves in General Position.pdf	ABC conjecture	7
Arithmetic Elliptic Curves in General Position.pdf	Szpiro	3
Arithmetic Elliptic Curves in General Position.pdf	Belyi	18
Arithmetic Elliptic Curves in General Position.pdf	Kummer	1
Bogomolov from the Point of View of Inter-universal Teichmuller Theory (comments).pdf	Szpiro	1
Bogomolov from the Point of View of Inter-universal Teichmuller Theory.pdf	Frobenioid	1
Bogomolov from the Point of View of Inter-universal Teichmuller Theory.pdf	Hodge-Arakelov	4
Bogomolov from the Point of View of Inter-universal Teichmuller Theory.pdf	etale theta	1
Bogomolov from the Point of View of Inter-universal Teichmuller Theory.pdf	anabelian	5
Bogomolov from the Point of View of Inter-universal Teichmuller Theory.pdf	Szpiro	5
Bogomolov from the Point of View of Inter-universal Teichmuller Theory.pdf	Belyi	1
Bogomolov from the Point of View of Inter-universal Teichmuller Theory.pdf	Kummer	6
Canonical Liftings (comments).pdf	anabelian	1
Canonical Liftings.pdf	anabelian	3
Canonical Liftings.pdf	Grothendieck conjecture	7
Canonical Liftings.pdf	log scheme	2
Categorical Representation of Locally Noetherian Log Schemes (comments).pdf	log scheme	3
Categorical Representation of Locally Noetherian Log Schemes.pdf	anabelian	3
Categorical Representation of Locally Noetherian Log Schemes.pdf	log scheme	40
Categories of Hyperbolic Riemann Surfaces.pdf	anabelian	13
Categories of Hyperbolic Riemann Surfaces.pdf	Grothendieck conjecture	5
Categories of Hyperbolic Riemann Surfaces.pdf	log scheme	3
Categories of Log Schemes with Archimedean Structures (comments).pdf	log scheme	3
Categories of Log Schemes with Archimedean Structures (LaTeX version).pdf	anabelian	1
Categories of Log Schemes with Archimedean Structures (LaTeX version).pdf	log scheme	56
Categories of Log Schemes with Archimedean Structures.pdf	anabelian	1
Categories of Log Schemes with Archimedean Structures.pdf	log scheme	57
Classical roots of IUT (marked up version 2021-12-14).pdf	etale theta	3
Classical roots of IUT (marked up version 2021-12-14).pdf	anabelian	1
Classical roots of IUT (marked up version 2021-12-14).pdf	Szpiro	1
Classical roots of IUT (marked up version 2021-12-14).pdf	Kummer	1
Classical roots of IUT (marked up version 2021-12-14).pdf	log scheme	1
Combinatorial absolute Galois groups.pdf	anabelian	24
Combinatorial absolute Galois groups.pdf	Grothendieck conjecture	19
Combinatorial absolute Galois groups.pdf	Belyi	67
Combinatorial absolute Galois groups.pdf	Kummer	29
Combinatorial absolute Galois groups.pdf	log scheme	2
Combinatorial Anabelian Topics I (comments).pdf	anabelian	1
Combinatorial Anabelian Topics I (comments).pdf	log scheme	5
Combinatorial Anabelian Topics I.pdf	anabelian	89
Combinatorial Anabelian Topics I.pdf	Grothendieck conjecture	3
Combinatorial Anabelian Topics I.pdf	log scheme	28
Combinatorial Anabelian Topics II.pdf	anabelian	116
Combinatorial Anabelian Topics II.pdf	Grothendieck conjecture	5
Combinatorial Anabelian Topics II.pdf	Belyi	1
Combinatorial Anabelian Topics II.pdf	log scheme	21
Combinatorial Anabelian Topics III.pdf	anabelian	65
Combinatorial Anabelian Topics III.pdf	Grothendieck conjecture	4
Combinatorial Anabelian Topics III.pdf	Szpiro	1
Combinatorial Anabelian Topics III.pdf	log scheme	5
Combinatorial Anabelian Topics IV.pdf	anabelian	79
Combinatorial Anabelian Topics IV.pdf	Grothendieck conjecture	8
Combinatorial Anabelian Topics IV.pdf	Kummer	1
Combinatorial Anabelian Topics IV.pdf	log scheme	22
Combinatorial Cuspidalization (comments).pdf	log scheme	1
Combinatorial Cuspidalization.pdf	anabelian	27
Combinatorial Cuspidalization.pdf	Grothendieck conjecture	8
Combinatorial Cuspidalization.pdf	Belyi	3
Combinatorial Cuspidalization.pdf	Kummer	1
Combinatorial Cuspidalization.pdf	log scheme	27
Combinatorial Grothendieck Conjecture (comments).pdf	anabelian	1
Combinatorial Grothendieck Conjecture (comments).pdf	Grothendieck conjecture	1
Combinatorial Grothendieck Conjecture.pdf	anabelian	8
Combinatorial Grothendieck Conjecture.pdf	Grothendieck conjecture	18
Combinatorial Grothendieck Conjecture.pdf	log scheme	2
Combinatorial Section Conjecture and Pop-Stix.pdf	anabelian	2
Combinatorial Section Conjecture and Pop-Stix.pdf	Grothendieck conjecture	1
Combinatorial Section Conjecture and Pop-Stix.pdf	log scheme	1
Comments on Valuations.pdf	log scheme	1
Connections and Related Structures on the Universal Extension of an Elliptic Curve.PDF	Hodge-Arakelov	16
Connections and Related Structures on the Universal Extension of an Elliptic Curve.PDF	log scheme	5
Daenkyokusen no hikakuteiri to thetakansuu (Toudai 1999-07).pdf	Hodge-Arakelov	4
Daenkyokusen no Hodge-Arakelov riron (Kyoutodaigaku suuron goudou seminaa 1999-12).pdf	Hodge-Arakelov	5
Daenkyokusen no Hodge-Arakelov riron ni okeru en-aaberu kika+suuronteki bibun to ha nanika (Nagoya 2001-11).pdf	Hodge-Arakelov	9
Daenkyokusen no Hodge-Arakelov riron ni okeru en-aaberu kika+suuronteki bibun to ha nanika (Nagoya 2001-11).pdf	anabelian	4
Daenkyokusen no Hodge-Arakelov riron ni okeru en-aaberu kika+suuronteki bibun to ha nanika (Nagoya 2001-11).pdf	Grothendieck conjecture	5
Daisuukyokusen ni kansuru Grothendieck yosou - p-shin kika no shiten kara (Tsudajuku 1998-10).pdf	anabelian	1
Daisuukyokusen ni kansuru Grothendieck yosou - p-shin kika no shiten kara (Tsudajuku 1998-10).pdf	Kummer	1
Daisuukyokusen ni kansuru Grothendieck yosou (ronsetsu).pdf	anabelian	5
Daisuukyokusen ni kansuru Grothendieck yosou (ronsetsu).pdf	Grothendieck conjecture	4
Daisuukyokusen ni kansuru Grothendieck yosou (ronsetsu).pdf	Belyi	2
Essential Logical Structure of Inter-universal Teichmuller Theory.pdf	Inter-universal Teichmuller	1
Essential Logical Structure of Inter-universal Teichmuller Theory.pdf	Frobenioid	5
Essential Logical Structure of Inter-universal Teichmuller Theory.pdf	Hodge-Arakelov	5
Essential Logical Structure of Inter-universal Teichmuller Theory.pdf	etale theta	5
Essential Logical Structure of Inter-universal Teichmuller Theory.pdf	anabelian	52
Essential Logical Structure of Inter-universal Teichmuller Theory.pdf	ABC conjecture	1
Essential Logical Structure of Inter-universal Teichmuller Theory.pdf	Szpiro	4
Essential Logical Structure of Inter-universal Teichmuller Theory.pdf	Belyi	1
Essential Logical Structure of Inter-universal Teichmuller Theory.pdf	Kummer	95
Explicit estimates in IUTeich.pdf	Frobenioid	1
Explicit estimates in IUTeich.pdf	Hodge-Arakelov	1
Explicit estimates in IUTeich.pdf	etale theta	13
Explicit estimates in IUTeich.pdf	anabelian	1
Explicit estimates in IUTeich.pdf	ABC conjecture	1
Explicit estimates in IUTeich.pdf	Szpiro	9
Explicit estimates in IUTeich.pdf	Belyi	1
Extending Families of Curves over Log Regular Schemes.pdf	Szpiro	1
Extending Families of Curves over Log Regular Schemes.pdf	log scheme	38
Formalization of IUT (2026-04).pdf	Frobenioid	5
Formalization of IUT (2026-04).pdf	Hodge-Arakelov	1
Formalization of IUT (2026-04).pdf	etale theta	1
Formalization of IUT (2026-04).pdf	anabelian	12
Formalization of IUT (2026-04).pdf	Grothendieck conjecture	1
Formalization of IUT (2026-04).pdf	Belyi	1
Formalization of IUT (2026-04).pdf	Kummer	1
Foundations (comments).pdf	anabelian	1
Galois Sections (comments).pdf	anabelian	1
Galois Sections.pdf	anabelian	20
Galois Sections.pdf	Grothendieck conjecture	1
Galois Sections.pdf	Belyi	4
Galois Sections.pdf	Kummer	6
Global Solvably Closed Anabelian Geometry (LaTeX version).pdf	anabelian	20
Global Solvably Closed Anabelian Geometry.pdf	anabelian	20
Grothendieck yosou (1997nen izen).pdf	Grothendieck conjecture	5
Grothendieck yosou (1997nen izen).pdf	Kummer	2
GT Theory as a Species of Teichmuller Theory.pdf	Hodge-Arakelov	1
GT Theory as a Species of Teichmuller Theory.pdf	etale theta	1
GT Theory as a Species of Teichmuller Theory.pdf	anabelian	6
GT Theory as a Species of Teichmuller Theory.pdf	Belyi	6
GT Theory as a Species of Teichmuller Theory.pdf	Kummer	1
hoshi-master-2006-03.pdf	anabelian	3
hoshi-master-2006-03.pdf	Kummer	43
hoshi-master-2006-03.pdf	log scheme	139
Inter-universal Teichmuller Theory --- a Progress Report.pdf	Frobenioid	1
Inter-universal Teichmuller Theory --- a Progress Report.pdf	etale theta	1
Inter-universal Teichmuller Theory --- a Progress Report.pdf	anabelian	2
Inter-universal Teichmuller Theory --- a Progress Report.pdf	Szpiro	1
Inter-universal Teichmuller Theory I.pdf	Frobenioid	149
Inter-universal Teichmuller Theory I.pdf	Hodge-Arakelov	20
Inter-universal Teichmuller Theory I.pdf	etale theta	15
Inter-universal Teichmuller Theory I.pdf	anabelian	73
Inter-universal Teichmuller Theory I.pdf	Grothendieck conjecture	5
Inter-universal Teichmuller Theory I.pdf	Belyi	22
Inter-universal Teichmuller Theory I.pdf	Kummer	58
Inter-universal Teichmuller Theory I.pdf	log scheme	2
Inter-universal Teichmuller Theory II.pdf	Frobenioid	202
Inter-universal Teichmuller Theory II.pdf	Hodge-Arakelov	32
Inter-universal Teichmuller Theory II.pdf	etale theta	24
Inter-universal Teichmuller Theory II.pdf	anabelian	41
Inter-universal Teichmuller Theory II.pdf	Grothendieck conjecture	2
Inter-universal Teichmuller Theory II.pdf	Szpiro	1
Inter-universal Teichmuller Theory II.pdf	Belyi	1
Inter-universal Teichmuller Theory II.pdf	Kummer	84
Inter-universal Teichmuller Theory III.pdf	Frobenioid	216
Inter-universal Teichmuller Theory III.pdf	Hodge-Arakelov	7
Inter-universal Teichmuller Theory III.pdf	etale theta	13
Inter-universal Teichmuller Theory III.pdf	anabelian	20
Inter-universal Teichmuller Theory III.pdf	Belyi	3
Inter-universal Teichmuller Theory III.pdf	Kummer	305
Inter-universal Teichmuller Theory IV (comments).pdf	Frobenioid	1
Inter-universal Teichmuller Theory IV (comments).pdf	etale theta	1
Inter-universal Teichmuller Theory IV (comments).pdf	anabelian	1
Inter-universal Teichmuller Theory IV (comments).pdf	ABC conjecture	4
Inter-universal Teichmuller Theory IV.pdf	Frobenioid	7
Inter-universal Teichmuller Theory IV.pdf	Hodge-Arakelov	11
Inter-universal Teichmuller Theory IV.pdf	etale theta	3
Inter-universal Teichmuller Theory IV.pdf	anabelian	23
Inter-universal Teichmuller Theory IV.pdf	Grothendieck conjecture	1
Inter-universal Teichmuller Theory IV.pdf	ABC conjecture	4
Inter-universal Teichmuller Theory IV.pdf	Szpiro	7
Inter-universal Teichmuller Theory IV.pdf	Belyi	15
Inter-universal Teichmuller Theory IV.pdf	Kummer	15
Inter-universal Teichmuller Theory IV.pdf	log scheme	5
Invitation to view IUT workshop videos.pdf	Inter-universal Teichmüller	4
Invitation to view IUT workshop videos.pdf	anabelian	4
IUT as an Anabelian Gateway (IUGC2024 version).pdf	Hodge-Arakelov	1
IUT as an Anabelian Gateway (IUGC2024 version).pdf	anabelian	16
IUT as an Anabelian Gateway (IUGC2024 version).pdf	Szpiro	2
IUT as an Anabelian Gateway (IUGC2024 version).pdf	Kummer	1
IUT as an Anabelian Gateway (IUT Summit 2025 version).pdf	Hodge-Arakelov	1
IUT as an Anabelian Gateway (IUT Summit 2025 version).pdf	anabelian	17
IUT as an Anabelian Gateway (IUT Summit 2025 version).pdf	Szpiro	2
IUT as an Anabelian Gateway (IUT Summit 2025 version).pdf	Kummer	1
IUT as an Anabelian Gateway (MFO-RIMS23 Abstract).pdf	Inter-universal Teichmüller	1
IUT as an Anabelian Gateway (MFO-RIMS23 Abstract).pdf	anabelian	8
IUT as an Anabelian Gateway (MFO-RIMS23 Abstract).pdf	Szpiro	1
IUT as an Anabelian Gateway (MFO-RIMS23 Oberwolfach Report).pdf	Hodge-Arakelov	1
IUT as an Anabelian Gateway (MFO-RIMS23 Oberwolfach Report).pdf	anabelian	11
IUT as an Anabelian Gateway (MFO-RIMS23 Oberwolfach Report).pdf	Szpiro	2
IUT as an Anabelian Gateway (MFO-RIMS23 Oberwolfach Report).pdf	Kummer	1
IUT as an Anabelian Gateway (MFO-RIMS23 version).pdf	Hodge-Arakelov	1
IUT as an Anabelian Gateway (MFO-RIMS23 version).pdf	anabelian	15
IUT as an Anabelian Gateway (MFO-RIMS23 version).pdf	Szpiro	2
IUT as an Anabelian Gateway (MFO-RIMS23 version).pdf	Kummer	1
IUT as an Anabelian Gateway.pdf	Hodge-Arakelov	1
IUT as an Anabelian Gateway.pdf	anabelian	11
IUT as an Anabelian Gateway.pdf	Szpiro	2
IUT as an Anabelian Gateway.pdf	Kummer	1
IUTeich Kenshou Houkoku 2013-12.pdf	Frobenioid	4
IUTeich Kenshou Houkoku 2013-12.pdf	Hodge-Arakelov	3
IUTeich Kenshou Houkoku 2013-12.pdf	etale theta	1
IUTeich Kenshou Houkoku 2013-12.pdf	anabelian	1
IUTeich Kenshou Houkoku 2014-12.pdf	Frobenioid	4
IUTeich Kenshou Houkoku 2014-12.pdf	Hodge-Arakelov	5
IUTeich Kenshou Houkoku 2014-12.pdf	etale theta	1
IUTeich Kenshou Houkoku 2014-12.pdf	anabelian	5
IUTeich Kenshou Houkoku 2014-12.pdf	Grothendieck conjecture	1
IUTeich Kenshou Houkoku 2014-12.pdf	Kummer	1
IUTeich Verification Report 2013-12.pdf	Frobenioid	4
IUTeich Verification Report 2013-12.pdf	Hodge-Arakelov	3
IUTeich Verification Report 2013-12.pdf	etale theta	1
IUTeich Verification Report 2013-12.pdf	anabelian	1
IUTeich Verification Report 2013-12.pdf	ABC conjecture	2
IUT-report-2025-10.pdf	Frobenioid	2
IUT-report-2025-10.pdf	anabelian	63
Jitsu fukusotayoutai no sekushon yosou to sokuchisen no kika (Hanshidai 2000-09).pdf	anabelian	3
Jitsu fukusotayoutai no sekushon yosou to sokuchisen no kika (Hanshidai 2000-09).pdf	Grothendieck conjecture	2
jsps-prize-mochizuki-shinichi.pdf	anabelian	1
jsps-prize-mochizuki-shinichi.pdf	Grothendieck conjecture	1
Kako to genzai no kenkyu (fonto umekomi ban).pdf	Frobenioid	4
Kako to genzai no kenkyu (fonto umekomi ban).pdf	Hodge-Arakelov	7
Kako to genzai no kenkyu (fonto umekomi ban).pdf	etale theta	2
Kako to genzai no kenkyu (fonto umekomi ban).pdf	anabelian	9
Kako to genzai no kenkyu (fonto umekomi ban).pdf	Grothendieck conjecture	1
Kako to genzai no kenkyu (fonto umekomi ban).pdf	Kummer	2
Kako to genzai no kenkyu (fonto umekomi ban).pdf	log scheme	1
Kako to genzai no kenkyu.pdf	Frobenioid	4
Kako to genzai no kenkyu.pdf	Hodge-Arakelov	7
Kako to genzai no kenkyu.pdf	etale theta	2
Kako to genzai no kenkyu.pdf	anabelian	9
Kako to genzai no kenkyu.pdf	Grothendieck conjecture	1
Kako to genzai no kenkyu.pdf	Kummer	2
Kako to genzai no kenkyu.pdf	log scheme	1
Kihongun ni utsuru soukyokuteki kyokusen no kouzou.pdf	anabelian	1
Kihongun ni utsuru soukyokuteki kyokusen no kouzou.pdf	Grothendieck conjecture	4
Minamide --- Explicit estimates in inter-universal Teichmuller theory (in progress).pdf	etale theta	1
Minamide --- Explicit estimates in inter-universal Teichmuller theory (in progress).pdf	ABC conjecture	1
Minamide --- Explicit estimates in inter-universal Teichmuller theory (in progress).pdf	Belyi	3
Minamide --- Introduction to Combinatorial Anabelian Geometry III.pdf	anabelian	2
Monomorphisms in Categories of Log Schemes.pdf	Frobenioid	1
Monomorphisms in Categories of Log Schemes.pdf	anabelian	1
Monomorphisms in Categories of Log Schemes.pdf	log scheme	180
Nodally Nondegenerate Outer Representations (comments).pdf	anabelian	1
Nodally Nondegenerate Outer Representations (comments).pdf	log scheme	5
Nodally Nondegenerate Outer Representations.pdf	anabelian	15
Nodally Nondegenerate Outer Representations.pdf	Grothendieck conjecture	2
Nodally Nondegenerate Outer Representations.pdf	Belyi	3
Nodally Nondegenerate Outer Representations.pdf	log scheme	5
Noncritical Belyi Maps (comments).pdf	Belyi	1
Noncritical Belyi Maps.pdf	Belyi	16
Numerical invariants and distinguished subgroups of configuration spaces.pdf	anabelian	10
Numerical invariants and distinguished subgroups of configuration spaces.pdf	Grothendieck conjecture	1
Numerical invariants and distinguished subgroups of configuration spaces.pdf	Belyi	4
Numerical invariants and distinguished subgroups of configuration spaces.pdf	log scheme	28
On Semi-positivity and Filtered Frobenius Crystals.pdf	Kummer	1
On Semi-positivity and Filtered Frobenius Crystals.pdf	log scheme	7
On the Essential Logical Structure of IUT I, II, III (marked up version).pdf	Frobenioid	2
On the Essential Logical Structure of IUT I, II, III (marked up version).pdf	Hodge-Arakelov	1
On the Essential Logical Structure of IUT I, II, III (marked up version).pdf	etale theta	2
On the Essential Logical Structure of IUT I, II, III (marked up version).pdf	anabelian	7
On the Essential Logical Structure of IUT I, II, III (marked up version).pdf	Belyi	1
On the Essential Logical Structure of IUT I, II, III (marked up version).pdf	Kummer	25
On the Essential Logical Structure of IUT I, II, III, IV, V (marked up version 2021-12-14).pdf	Frobenioid	2
On the Essential Logical Structure of IUT I, II, III, IV, V (marked up version 2021-12-14).pdf	Hodge-Arakelov	1
On the Essential Logical Structure of IUT I, II, III, IV, V (marked up version 2021-12-14).pdf	etale theta	2
On the Essential Logical Structure of IUT I, II, III, IV, V (marked up version 2021-12-14).pdf	anabelian	7
On the Essential Logical Structure of IUT I, II, III, IV, V (marked up version 2021-12-14).pdf	Belyi	1
On the Essential Logical Structure of IUT I, II, III, IV, V (marked up version 2021-12-14).pdf	Kummer	25
On the Essential Logical Structure of IUT I, II, III, IV, V.pdf	Frobenioid	2
On the Essential Logical Structure of IUT I, II, III, IV, V.pdf	Hodge-Arakelov	1
On the Essential Logical Structure of IUT I, II, III, IV, V.pdf	etale theta	2
On the Essential Logical Structure of IUT I, II, III, IV, V.pdf	anabelian	7
On the Essential Logical Structure of IUT I, II, III, IV, V.pdf	Belyi	1
On the Essential Logical Structure of IUT I, II, III, IV, V.pdf	Kummer	25
On the Essential Logical Structure of IUT IV, V (marked up version).pdf	Frobenioid	2
On the Essential Logical Structure of IUT IV, V (marked up version).pdf	Hodge-Arakelov	1
On the Essential Logical Structure of IUT IV, V (marked up version).pdf	etale theta	2
On the Essential Logical Structure of IUT IV, V (marked up version).pdf	anabelian	7
On the Essential Logical Structure of IUT IV, V (marked up version).pdf	Belyi	1
On the Essential Logical Structure of IUT IV, V (marked up version).pdf	Kummer	25
Overview of Combinatorial Anabelian Geometry (marked up version).pdf	anabelian	12
Overview of Combinatorial Anabelian Geometry (marked up version).pdf	Grothendieck conjecture	1
Overview of Combinatorial Anabelian Geometry.pdf	anabelian	12
Overview of Combinatorial Anabelian Geometry.pdf	Grothendieck conjecture	1
Panoramic Overview of Inter-universal Teichmuller Theory (comments).pdf	Szpiro	3
Panoramic Overview of Inter-universal Teichmuller Theory.pdf	Frobenioid	29
Panoramic Overview of Inter-universal Teichmuller Theory.pdf	Hodge-Arakelov	23
Panoramic Overview of Inter-universal Teichmuller Theory.pdf	etale theta	9
Panoramic Overview of Inter-universal Teichmuller Theory.pdf	anabelian	21
Panoramic Overview of Inter-universal Teichmuller Theory.pdf	ABC conjecture	3
Panoramic Overview of Inter-universal Teichmuller Theory.pdf	Szpiro	4
Panoramic Overview of Inter-universal Teichmuller Theory.pdf	Belyi	3
Panoramic Overview of Inter-universal Teichmuller Theory.pdf	Kummer	15
Panoramic Overview of Inter-universal Teichmuller Theory.pdf	log scheme	1
Pop-Stix-comments.pdf	anabelian	2
Pop-Stix-comments.pdf	Grothendieck conjecture	3
Pop-Stix-comments.pdf	Kummer	1
p-shin Hodge riron+Grothendieck yosou+hyoujunteki tsuujou kyokusen (1997nen izen).pdf	Grothendieck conjecture	3
Report on a certain series of preprints (2024-03).pdf	Inter-universal Teichmuller	1
Report on a certain series of preprints (2024-03).pdf	Hodge-Arakelov	1
Report on a certain series of preprints (2024-03).pdf	anabelian	2
Report on a certain series of preprints (2024-03).pdf	Szpiro	2
Resolution of Nonsingularities for Arbitrary Hyperbolic Curves.pdf	anabelian	30
Resolution of Nonsingularities for Arbitrary Hyperbolic Curves.pdf	Grothendieck conjecture	20
Resolution of Nonsingularities for Arbitrary Hyperbolic Curves.pdf	Belyi	4
Resolution of Nonsingularities for Arbitrary Hyperbolic Curves.pdf	log scheme	16
Responses to questions on Frobenioids.pdf	Frobenioid	76
ronbun-list.pdf	Inter-universal Teichmuller	1
ronbun-list.pdf	Frobenioid	4
ronbun-list.pdf	Hodge-Arakelov	7
ronbun-list.pdf	etale theta	1
ronbun-list.pdf	anabelian	17
ronbun-list.pdf	Grothendieck conjecture	4
ronbun-list.pdf	Szpiro	1
ronbun-list.pdf	Belyi	1
ronbun-list.pdf	log scheme	3
Rpt2018.pdf	Frobenioid	1
Rpt2018.pdf	Hodge-Arakelov	1
Rpt2018.pdf	anabelian	8
Rpt2018.pdf	ABC conjecture	1
Rpt2018.pdf	Szpiro	4
Semi-graphs of Anabelioids (comments).pdf	Frobenioid	2
Semi-graphs of Anabelioids (comments).pdf	anabelian	2
Semi-graphs of Anabelioids (comments).pdf	log scheme	1
Semi-graphs of Anabelioids.pdf	anabelian	13
Semi-graphs of Anabelioids.pdf	Grothendieck conjecture	2
Semi-graphs of Anabelioids.pdf	log scheme	3
Shuukishou no jushoukouen (Tamagawa-shi) 1997-09.pdf	anabelian	2
Shuukishou no jushoukouen (Tamagawa-shi) 1997-09.pdf	Kummer	1
sokkuri-hausu-link-japanese (fonto umekomi ban).pdf	Frobenioid	2
sokkuri-hausu-link-japanese (fonto umekomi ban).pdf	etale theta	1
sokkuri-hausu-link-japanese.pdf	Frobenioid	2
sokkuri-hausu-link-japanese.pdf	etale theta	1
Suutai to isoukyoumen ni kyoutsuusuru nijigen no gunrontekikika.pdf	anabelian	1
Suutai to isoukyoumen ni kyoutsuusuru nijigen no gunrontekikika.pdf	Belyi	1
Suutai to isoukyoumen ni kyoutsuusuru nijigen no gunrontekikika.pdf	Kummer	1
tamagawa-mochizuki-shinichi-san-no-suugaku.pdf	Hodge-Arakelov	1
tamagawa-mochizuki-shinichi-san-no-suugaku.pdf	anabelian	2
Tan --- Introduction to inter-universal Teichmuller theory (slides).pdf	Frobenioid	28
Tan --- Introduction to inter-universal Teichmuller theory (slides).pdf	etale theta	6
Tan --- Introduction to inter-universal Teichmuller theory (slides).pdf	anabelian	2
Tan --- Introduction to inter-universal Teichmuller theory (slides).pdf	Belyi	8
Tan --- Introduction to inter-universal Teichmuller theory (slides).pdf	Kummer	12
Tch Dilations of Varying Hues (ICMS 2025 version) [marked up version].pdf	Hodge-Arakelov	1
Tch Dilations of Varying Hues (ICMS 2025 version) [marked up version].pdf	etale theta	2
Tch Dilations of Varying Hues (ICMS 2025 version) [marked up version].pdf	anabelian	3
Tch Dilations of Varying Hues (ICMS 2025 version) [marked up version].pdf	Belyi	2
Tch Dilations of Varying Hues (ICMS 2025 version) [marked up version].pdf	Kummer	1
Tch Dilations of Varying Hues (ICMS 2025 version).pdf	Hodge-Arakelov	1
Tch Dilations of Varying Hues (ICMS 2025 version).pdf	etale theta	2
Tch Dilations of Varying Hues (ICMS 2025 version).pdf	anabelian	3
Tch Dilations of Varying Hues (ICMS 2025 version).pdf	Belyi	2
Tch Dilations of Varying Hues (ICMS 2025 version).pdf	Kummer	1
The Algebraic and Anabelian Geometry of Configuration Spaces (comments on strongly torsion-free groups).pdf	anabelian	1
The Algebraic and Anabelian Geometry of Configuration Spaces (comments on strongly torsion-free groups).pdf	Kummer	1
The Algebraic and Anabelian Geometry of Configuration Spaces (comments).pdf	anabelian	1
The Algebraic and Anabelian Geometry of Configuration Spaces.pdf	anabelian	8
The Algebraic and Anabelian Geometry of Configuration Spaces.pdf	Grothendieck conjecture	1
The Algebraic and Anabelian Geometry of Configuration Spaces.pdf	Kummer	14
The Algebraic and Anabelian Geometry of Configuration Spaces.pdf	log scheme	7
The Etale Theta Function and its Frobenioid-theoretic Manifestations (comments).pdf	Frobenioid	7
The Etale Theta Function and its Frobenioid-theoretic Manifestations (comments).pdf	etale theta	4
The Etale Theta Function and its Frobenioid-theoretic Manifestations (comments).pdf	anabelian	1
The Etale Theta Function and its Frobenioid-theoretic Manifestations (comments).pdf	Grothendieck conjecture	1
The Etale Theta Function and its Frobenioid-theoretic Manifestations (comments).pdf	Kummer	5
The Etale Theta Function and its Frobenioid-theoretic Manifestations (comments).pdf	log scheme	3
The Etale Theta Function and its Frobenioid-theoretic Manifestations (related expositions).pdf	Frobenioid	2
The Etale Theta Function and its Frobenioid-theoretic Manifestations (related expositions).pdf	Hodge-Arakelov	1
The Etale Theta Function and its Frobenioid-theoretic Manifestations (related expositions).pdf	etale theta	1
The Etale Theta Function and its Frobenioid-theoretic Manifestations.pdf	Frobenioid	136
The Etale Theta Function and its Frobenioid-theoretic Manifestations.pdf	Hodge-Arakelov	20
The Etale Theta Function and its Frobenioid-theoretic Manifestations.pdf	etale theta	106
The Etale Theta Function and its Frobenioid-theoretic Manifestations.pdf	anabelian	17
The Etale Theta Function and its Frobenioid-theoretic Manifestations.pdf	Grothendieck conjecture	4
The Etale Theta Function and its Frobenioid-theoretic Manifestations.pdf	Kummer	70
The Etale Theta Function and its Frobenioid-theoretic Manifestations.pdf	log scheme	3
The Galois-Theoretic Kodaira-Spencer Morphism of an Elliptic Curve.pdf	Hodge-Arakelov	7
The Galois-Theoretic Kodaira-Spencer Morphism of an Elliptic Curve.pdf	log scheme	3
The Geometry of Anabelioids.pdf	Hodge-Arakelov	2
The Geometry of Anabelioids.pdf	anabelian	11
The Geometry of Anabelioids.pdf	Grothendieck conjecture	4
The Geometry of Anabelioids.pdf	log scheme	1
The Geometry of Frobenioids I (comments).pdf	Frobenioid	12
The Geometry of Frobenioids I.pdf	Frobenioid	310
The Geometry of Frobenioids I.pdf	Hodge-Arakelov	4
The Geometry of Frobenioids I.pdf	etale theta	1
The Geometry of Frobenioids I.pdf	anabelian	10
The Geometry of Frobenioids I.pdf	Grothendieck conjecture	1
The Geometry of Frobenioids I.pdf	Szpiro	1
The Geometry of Frobenioids I.pdf	log scheme	15
The Geometry of Frobenioids II (comments).pdf	Frobenioid	3
The Geometry of Frobenioids II.pdf	Frobenioid	188
The Geometry of Frobenioids II.pdf	anabelian	4
The Geometry of Frobenioids II.pdf	Kummer	15
The Geometry of Frobenioids II.pdf	log scheme	1
The Geometry of the Compactification of the Hurwitz Scheme.pdf	Szpiro	1
The Geometry of the Compactification of the Hurwitz Scheme.pdf	Kummer	1
The Geometry of the Compactification of the Hurwitz Scheme.pdf	log scheme	10
The Grothendieck Conjecture on the Fundamental Groups of Algebraic Curves.pdf	anabelian	19
The Grothendieck Conjecture on the Fundamental Groups of Algebraic Curves.pdf	Grothendieck conjecture	35
The Grothendieck Conjecture on the Fundamental Groups of Algebraic Curves.pdf	Belyi	2
The Grothendieck Conjecture on the Fundamental Groups of Algebraic Curves.pdf	Kummer	1
The Hodge-Arakelov Theory of Elliptic Curves (Berkeley 1999-09).pdf	Hodge-Arakelov	4
The Hodge-Arakelov Theory of Elliptic Curves (Hotaka 2000-07).pdf	Hodge-Arakelov	4
The Hodge-Arakelov Theory of Elliptic Curves (Utrecht 2000-06).pdf	Hodge-Arakelov	4
The Hodge-Arakelov Theory of Elliptic Curves in Positive Characteristic.pdf	Hodge-Arakelov	11
The Hodge-Arakelov Theory of Elliptic Curves in Positive Characteristic.pdf	log scheme	4
The Hodge-Arakelov Theory of Elliptic Curves.pdf	Hodge-Arakelov	31
The Hodge-Arakelov Theory of Elliptic Curves.pdf	etale theta	1
The Hodge-Arakelov Theory of Elliptic Curves.pdf	anabelian	8
The Hodge-Arakelov Theory of Elliptic Curves.pdf	Szpiro	4
The Hodge-Arakelov Theory of Elliptic Curves.pdf	log scheme	9
The Intrinsic Hodge Theory of Hyperbolic Curves (Seoul 1998).pdf	anabelian	12
The Intrinsic Hodge Theory of Hyperbolic Curves (Seoul 1998).pdf	Grothendieck conjecture	2
The Intrinsic Hodge Theory of Hyperbolic Curves (Seoul 1998).pdf	Kummer	1
The Intrinsic Hodge Theory of p-adic Hyperbolic Curves (ICM 98).pdf	anabelian	1
The Intrinsic Hodge Theory of p-adic Hyperbolic Curves (ICM98).pdf	anabelian	8
The Intrinsic Hodge Theory of p-adic Hyperbolic Curves (ICM98).pdf	Grothendieck conjecture	1
The Intrinsic Hodge Theory of p-adic Hyperbolic Curves (Nara 1998).pdf	anabelian	4
The Intrinsic Hodge Theory of p-adic Hyperbolic Curves (Nara 1998).pdf	Grothendieck conjecture	2
The Intrinsic Hodge Theory of p-adic Hyperbolic Curves (Nara 1998-12).pdf	anabelian	1
The Intrinsic Hodge Theory of p-adic Hyperbolic Curves (Oberwolfach 1996-07).pdf	anabelian	2
The Intrinsic Hodge Theory of p-adic Hyperbolic Curves (Oberwolfach 1996-07).pdf	Grothendieck conjecture	1
The Local Pro-p Anabelian Geometry of Curves (comments).pdf	anabelian	1
The Local Pro-p Anabelian Geometry of Curves.pdf	anabelian	10
The Local Pro-p Anabelian Geometry of Curves.pdf	Grothendieck conjecture	25
The Local Pro-p Anabelian Geometry of Curves.pdf	Kummer	8
The Local Pro-p Anabelian Geometry of Curves.pdf	log scheme	2
The Profinite Grothendieck Conjecture for Closed Hyperbolic Curves over Number Fields (comments).pdf	Grothendieck conjecture	1
The Profinite Grothendieck Conjecture for Closed Hyperbolic Curves over Number Fields.pdf	anabelian	1
The Profinite Grothendieck Conjecture for Closed Hyperbolic Curves over Number Fields.pdf	Grothendieck conjecture	15
The Profinite Grothendieck Conjecture for Closed Hyperbolic Curves over Number Fields.pdf	Kummer	2
The Profinite Grothendieck Conjecture for Closed Hyperbolic Curves over Number Fields.pdf	log scheme	16
The Scheme-theoretic Theta Convolution.pdf	Hodge-Arakelov	5
The Scheme-theoretic Theta Convolution.pdf	log scheme	2
Title and abstract (Shinichi Mochizuki, Workshop on Arithmetic and Homotopic Galois Theory 2023).pdf	Inter-universal Teichmüller	1
Title and abstract (Shinichi Mochizuki, Workshop on Arithmetic and Homotopic Galois Theory 2023).pdf	anabelian	8
Title and abstract (Shinichi Mochizuki, Workshop on Arithmetic and Homotopic Galois Theory 2023).pdf	Szpiro	1
Topics in Absolute Anabelian Geometry I (comments).pdf	anabelian	1
Topics in Absolute Anabelian Geometry I.pdf	Frobenioid	1
Topics in Absolute Anabelian Geometry I.pdf	etale theta	1
Topics in Absolute Anabelian Geometry I.pdf	anabelian	78
Topics in Absolute Anabelian Geometry I.pdf	Grothendieck conjecture	12
Topics in Absolute Anabelian Geometry I.pdf	Belyi	2
Topics in Absolute Anabelian Geometry I.pdf	Kummer	2
Topics in Absolute Anabelian Geometry I.pdf	log scheme	6
Topics in Absolute Anabelian Geometry II (comments).pdf	anabelian	3
Topics in Absolute Anabelian Geometry II.pdf	Frobenioid	1
Topics in Absolute Anabelian Geometry II.pdf	etale theta	3
Topics in Absolute Anabelian Geometry II.pdf	anabelian	66
Topics in Absolute Anabelian Geometry II.pdf	Grothendieck conjecture	17
Topics in Absolute Anabelian Geometry II.pdf	Belyi	25
Topics in Absolute Anabelian Geometry II.pdf	Kummer	4
Topics in Absolute Anabelian Geometry II.pdf	log scheme	34
Topics in Absolute Anabelian Geometry III (comments).pdf	anabelian	1
Topics in Absolute Anabelian Geometry III.pdf	Frobenioid	9
Topics in Absolute Anabelian Geometry III.pdf	Hodge-Arakelov	11
Topics in Absolute Anabelian Geometry III.pdf	etale theta	10
Topics in Absolute Anabelian Geometry III.pdf	anabelian	312
Topics in Absolute Anabelian Geometry III.pdf	Grothendieck conjecture	8
Topics in Absolute Anabelian Geometry III.pdf	Belyi	44
Topics in Absolute Anabelian Geometry III.pdf	Kummer	116
Topics Surrounding the Anabelian Geometry of Hyperbolic Curves.pdf	anabelian	43
Topics Surrounding the Anabelian Geometry of Hyperbolic Curves.pdf	Grothendieck conjecture	14
Topics Surrounding the Anabelian Geometry of Hyperbolic Curves.pdf	Szpiro	1
Topics Surrounding the Anabelian Geometry of Hyperbolic Curves.pdf	Kummer	4
Tripodal transport (marked up version).pdf	Hodge-Arakelov	6
Tripodal transport (marked up version).pdf	etale theta	2
Tripodal transport (marked up version).pdf	anabelian	15
Tripodal transport (marked up version).pdf	Grothendieck conjecture	1
Tripodal transport (marked up version).pdf	Szpiro	3
Tripodal transport (marked up version).pdf	Belyi	2
Tripodal transport.pdf	Hodge-Arakelov	6
Tripodal transport.pdf	etale theta	2
Tripodal transport.pdf	anabelian	15
Tripodal transport.pdf	Grothendieck conjecture	1
Tripodal transport.pdf	Szpiro	3
Tripodal transport.pdf	Belyi	2
Tsuujou p-shin kyokusen no riron (1997nen izen).pdf	log scheme	1
Uchuusai Taihimyuuraa riron he no izanai (2+2jikanban).pdf	Frobenioid	1
Uchuusai Taihimyuuraa riron he no izanai (2+2jikanban).pdf	Hodge-Arakelov	4
Uchuusai Taihimyuuraa riron he no izanai (2+2jikanban).pdf	etale theta	1
Uchuusai Taihimyuuraa riron he no izanai (2+2jikanban).pdf	Szpiro	3
Uchuusai Taihimyuuraa riron he no izanai (2+2jikanban).pdf	Belyi	2
Uchuusai Taihimyuuraa riron he no izanai (2+2jikanban).pdf	Kummer	4
Uchuusai Taihimyuuraa riron he no izanai (2015-02).pdf	Frobenioid	1
Uchuusai Taihimyuuraa riron he no izanai (2015-02).pdf	Hodge-Arakelov	5
Uchuusai Taihimyuuraa riron he no izanai (2015-02).pdf	etale theta	1
Uchuusai Taihimyuuraa riron he no izanai (2015-02).pdf	Szpiro	3
Uchuusai Taihimyuuraa riron he no izanai (2015-02).pdf	Belyi	2
Uchuusai Taihimyuuraa riron he no izanai (2015-02).pdf	Kummer	4
Uchuusai Taihimyuuraa riron he no izanai (3jikanban).pdf	Frobenioid	1
Uchuusai Taihimyuuraa riron he no izanai (3jikanban).pdf	Hodge-Arakelov	4
Uchuusai Taihimyuuraa riron he no izanai (3jikanban).pdf	etale theta	1
Uchuusai Taihimyuuraa riron he no izanai (3jikanban).pdf	Szpiro	3
Uchuusai Taihimyuuraa riron he no izanai (3jikanban).pdf	Belyi	1
Uchuusai Taihimyuuraa riron he no izanai (3jikanban).pdf	Kummer	4
Uchuusai Taihimyuuraa riron he no izanai (kakudaiban).pdf	Frobenioid	1
Uchuusai Taihimyuuraa riron he no izanai (kakudaiban).pdf	Hodge-Arakelov	2
Uchuusai Taihimyuuraa riron he no izanai (kakudaiban).pdf	etale theta	1
Uchuusai Taihimyuuraa riron he no izanai (kakudaiban).pdf	Szpiro	2
Uchuusai Taihimyuuraa riron he no izanai (kakudaiban).pdf	Belyi	1
Uchuusai Taihimyuuraa riron he no izanai (kakudaiban).pdf	Kummer	4
Uchuusai Taihimyuuraa riron he no izanai (lecture note ban).pdf	Frobenioid	1
Uchuusai Taihimyuuraa riron he no izanai (lecture note ban).pdf	Hodge-Arakelov	5
Uchuusai Taihimyuuraa riron he no izanai (lecture note ban).pdf	etale theta	1
Uchuusai Taihimyuuraa riron he no izanai (lecture note ban).pdf	Szpiro	3
Uchuusai Taihimyuuraa riron he no izanai (lecture note ban).pdf	Belyi	2
Uchuusai Taihimyuuraa riron he no izanai (lecture note ban).pdf	Kummer	4
Uchuusai Taihimyuuraa riron he no izanai.pdf	Frobenioid	1
Uchuusai Taihimyuuraa riron he no izanai.pdf	Hodge-Arakelov	2
Uchuusai Taihimyuuraa riron he no izanai.pdf	etale theta	1
Uchuusai Taihimyuuraa riron he no izanai.pdf	Szpiro	2
Uchuusai Taihimyuuraa riron he no izanai.pdf	Kummer	2
wakabayashi-master-2011-03.pdf	anabelian	5
wakabayashi-master-2011-03.pdf	Grothendieck conjecture	2
wakabayashi-master-2011-03.pdf	Kummer	5
wakabayashi-master-2011-03.pdf	log scheme	18
