"file","url","status","bytes","sha256"
"Responses to questions on Frobenioids.pdf","http://www.kurims.kyoto-u.ac.jp/~motizuki/Responses%20to%20questions%20on%20Frobenioids.pdf","already-present","109843","2EE1B38C1F298D2021BD2E12F2831BDB1A7540BEE661CB319418D414FAEEA50B"
"The Etale Theta Function and its Frobenioid-theoretic Manifestations.pdf","http://www.kurims.kyoto-u.ac.jp/~motizuki/The%20Etale%20Theta%20Function%20and%20its%20Frobenioid-theoretic%20Manifestations.pdf","already-present","814566","42C5D9180C69BC9FA6596CE1A11662494315954ED74301060BF1819F955A7406"
"The Geometry of Frobenioids I.pdf","http://www.kurims.kyoto-u.ac.jp/~motizuki/The%20Geometry%20of%20Frobenioids%20I.pdf","already-present","804375","8E5AC14E3AADB457EE4EDDE81A325B64B060CEFB14712D70CF2CA66B373AAF53"
"The Geometry of Frobenioids II.pdf","http://www.kurims.kyoto-u.ac.jp/~motizuki/The%20Geometry%20of%20Frobenioids%20II.pdf","already-present","514623","0185E64C4107123A20D2FD72F6E5A5FF8E5C1356D3CAEE69B7D5700E291AC0A9"
"Topics in Absolute Anabelian Geometry III.pdf","http://www.kurims.kyoto-u.ac.jp/~motizuki/Topics%20in%20Absolute%20Anabelian%20Geometry%20III.pdf","already-present","1132226","E8115DF30A86DEA26E2EBF60CB333558FF28FE3E4D57017A80421787B53421A9"
"absolute_anabelian_cuspidalizations.pdf","http://www.kurims.kyoto-u.ac.jp/~yuichiro/absolute_anabelian_cuspidalizations.pdf","error","0",""
"talk20150309.pdf","http://www.kurims.kyoto-u.ac.jp/~yuichiro/talk20150309.pdf","already-present","128528","B60D92021AA30A73627C15A56CAED2CF96A41555900D67CC62F2F3DF810C2734"
"notesoniut.pdf","https://ivanfesenko.org/wp-content/uploads/2021/10/notesoniut.pdf","already-present","311055","6131936B39A5A41E7B3C5AB259EFE480E38B6451CDAEF01C22BEBAEF279ECC1D"
"oxf15iut.pdf","https://ivanfesenko.org/wp-content/uploads/2021/11/oxf15iut.pdf","already-present","383552","97288118D6C6D26414A95368EFEC935FC316CC4E089AA4CD95F8434D650FB597"
"2008-05 arith-teich-intro-ohp-1jpg.pdf","https://www.kurims.kyoto-u.ac.jp/~motizuki/2008-05%20arith-teich-intro-ohp-1jpg.pdf","already-present","332515","4E02FC4B8B37F019E958656561CBF0D0F39088204AD3DBC9080AF6C6409EA8F8"
"2008-05 arith-teich-intro-ohp-2jpg.pdf","https://www.kurims.kyoto-u.ac.jp/~motizuki/2008-05%20arith-teich-intro-ohp-2jpg.pdf","already-present","210634","3CDF3D34C76EE042C77D2D29F9D501699C494BD4F8B53E1EDDE5AE35178B276D"
"2008-05 arith-teich-intro-ohp-3jpg.pdf","https://www.kurims.kyoto-u.ac.jp/~motizuki/2008-05%20arith-teich-intro-ohp-3jpg.pdf","already-present","470632","003E37925A57C44F83F39782BA0C27F88D3091B8E6CD988C4360DD5ECFB3960B"
"2008-05 arith-teich-intro-ohp-4jpg.pdf","https://www.kurims.kyoto-u.ac.jp/~motizuki/2008-05%20arith-teich-intro-ohp-4jpg.pdf","already-present","317762","E42E3C000753A6C37918367599240C453BAFDD92C981271BFA682B83424C16D4"
"2008-05 arith-teich-intro-ohp-5jpg.pdf","https://www.kurims.kyoto-u.ac.jp/~motizuki/2008-05%20arith-teich-intro-ohp-5jpg.pdf","already-present","374135","0BC875AAB6E003C2AE9ED0BA6B3EA5585E034BC06AC47319968156422FFFCC66"
"2008-05 danwakai-abstract.pdf","https://www.kurims.kyoto-u.ac.jp/~motizuki/2008-05%20danwakai-abstract.pdf","already-present","48724","DD28B602FD74D39069D0D35C654BEC56D1692B2BEC2ED39224931EAC8173FE51"
"2008-05 danwakai-ohp-jpg.pdf","https://www.kurims.kyoto-u.ac.jp/~motizuki/2008-05%20danwakai-ohp-jpg.pdf","already-present","423732","240557FFC999DF9B01598F9BAAE5B5E34793F26580CA56AA4D1118BC6F293FB5"
"2008-05 shuuchuu-kougi-gaiyou.pdf","https://www.kurims.kyoto-u.ac.jp/~motizuki/2008-05%20shuuchuu-kougi-gaiyou.pdf","already-present","61718","4F9ABB6570D25EAC3FC582A9AD8781AC9840B6096BF622A6E6F1A483FE669A78"
"2008-zenki-report-mondai.pdf","https://www.kurims.kyoto-u.ac.jp/~motizuki/2008-zenki-report-mondai.pdf","already-present","47820","FA274B927B75D9BB5A25E4D5569A271398B8BF2061169CA2A2A83C9B5C8E4E63"
"2010-10-abstract.pdf","https://www.kurims.kyoto-u.ac.jp/~motizuki/2010-10-abstract.pdf","already-present","44693","A5B0103B885BA96BAEC061A1EE524236E657E6800C4706E3FC1BEBFC5558F1D8"
"2015-03 IUTeich Program.pdf","https://www.kurims.kyoto-u.ac.jp/~motizuki/2015-03%20IUTeich%20Program.pdf","already-present","142943","10AA5CA243C10CECB5FD87689CE664D7E6615A983609AC5C87E53755ACB846DB"
"2015-03-09 Pictures (Hoshi).pdf","https://www.kurims.kyoto-u.ac.jp/~motizuki/2015-03-09%20Pictures%20(Hoshi).pdf","already-present","9929923","4618B07D9FCAEF25A874C54044CE9482C504C56CDA74CE3BE1A12DB160E6C96B"
"2015-03-09 Pictures (Mochizuki).pdf","https://www.kurims.kyoto-u.ac.jp/~motizuki/2015-03-09%20Pictures%20(Mochizuki).pdf","already-present","22190628","8572DF52DB463EE7DCD5C8479EE04D958C47C7F0E61B605C121990E0DB8AA108"
"2015-03-10 Pictures (Hoshi).pdf","https://www.kurims.kyoto-u.ac.jp/~motizuki/2015-03-10%20Pictures%20(Hoshi).pdf","already-present","13384674","B021126851744966CE5594B7DA4813568B0189CE6BA539CE657612B9693F6E2B"
"2015-03-10 Pictures (Mochizuki).pdf","https://www.kurims.kyoto-u.ac.jp/~motizuki/2015-03-10%20Pictures%20(Mochizuki).pdf","already-present","19520243","FE831623EB4C3C9B7CC2795EE24E71EA50DED18E1962CA54A430DE5BD58939AE"
"2015-03-11 Pictures (Hoshi).pdf","https://www.kurims.kyoto-u.ac.jp/~motizuki/2015-03-11%20Pictures%20(Hoshi).pdf","already-present","12869405","0849256202132EEE54BBCB0DC7E40DDE4B4F4E64981D9F9976DBA6B1A93486E5"
"2015-03-11 Pictures (Mochizuki).pdf","https://www.kurims.kyoto-u.ac.jp/~motizuki/2015-03-11%20Pictures%20(Mochizuki).pdf","already-present","16831388","BDF76164FE0D06ABF916B6DAF5C67D8190BC536B31F9A4231E7EEE6A6CFFE97F"
"2015-03-12 Pictures (Hoshi).pdf","https://www.kurims.kyoto-u.ac.jp/~motizuki/2015-03-12%20Pictures%20(Hoshi).pdf","already-present","15747126","03D49A8BDA86EF2F07F3B97D00C4FC2DA998C8C65982BBFB849FF384DBD34D1B"
"2015-03-12 Pictures (Mochizuki).pdf","https://www.kurims.kyoto-u.ac.jp/~motizuki/2015-03-12%20Pictures%20(Mochizuki).pdf","already-present","19742996","DBED733FD75E1F28CA8ED5A9A7CE2F7BB07A6C693D277C6BBEB29A265A562F11"
"2015-03-13 Pictures (Hoshi).pdf","https://www.kurims.kyoto-u.ac.jp/~motizuki/2015-03-13%20Pictures%20(Hoshi).pdf","already-present","7361702","8789EF84A4BE34C2D18007997D5BD38BF8C4128E230723F0428F543F15004247"
"2015-03-13 Pictures (Mochizuki).pdf","https://www.kurims.kyoto-u.ac.jp/~motizuki/2015-03-13%20Pictures%20(Mochizuki).pdf","already-present","19213537","AC884C704768B4A3AE041C19BB7CE7A4BA1655C553CAAE83C9830827074E075E"
"2015-03-16 Pictures (Hoshi).pdf","https://www.kurims.kyoto-u.ac.jp/~motizuki/2015-03-16%20Pictures%20(Hoshi).pdf","already-present","14021574","17D6D3217436B5F883A15FC9CC3394CC921F379240511B55E4162889139ADA4D"
"2015-03-16 Pictures (Mochizuki).pdf","https://www.kurims.kyoto-u.ac.jp/~motizuki/2015-03-16%20Pictures%20(Mochizuki).pdf","already-present","9408710","8B82010D05241E1308E25DA2E2952EA829AB375ED693AB7F9E210ED72FFCD623"
"2015-03-17 Pictures (Hoshi).pdf","https://www.kurims.kyoto-u.ac.jp/~motizuki/2015-03-17%20Pictures%20(Hoshi).pdf","already-present","14552586","978AC6490DB50E2AB4C23AE4CDA1F5C7962E82DF31EC2DBABE60F3805FF31964"
"2015-03-17 Pictures (Mochizuki).pdf","https://www.kurims.kyoto-u.ac.jp/~motizuki/2015-03-17%20Pictures%20(Mochizuki).pdf","already-present","13060560","0F0E2453B4A8D8C13A97D3001A9BBF6A4679B9A6B6793ADD727F1B824F595820"
"2015-03-18 Pictures (Hoshi).pdf","https://www.kurims.kyoto-u.ac.jp/~motizuki/2015-03-18%20Pictures%20(Hoshi).pdf","already-present","17961130","FC77D81B7A43824EB5FE98E0E0ACD910B5E128953AB8B928D034805E8CC86658"
"2015-03-18 Pictures (Mochizuki).pdf","https://www.kurims.kyoto-u.ac.jp/~motizuki/2015-03-18%20Pictures%20(Mochizuki).pdf","already-present","15196483","4CC5AB8C5280235DA67A13741DA393A5F605B26FBE87296555189324BFEC4E62"
"2015-03-19 Pictures (Hoshi).pdf","https://www.kurims.kyoto-u.ac.jp/~motizuki/2015-03-19%20Pictures%20(Hoshi).pdf","already-present","18014204","60B0BC3CE4BB5C99193090C6B428FD394904ACCB67F07AFB3BA8EE794143A95C"
"2015-03-19 Pictures (Mochizuki).pdf","https://www.kurims.kyoto-u.ac.jp/~motizuki/2015-03-19%20Pictures%20(Mochizuki).pdf","already-present","14726678","64ED992FF42577C2C5BA79ED8B7346158D791D9B12CD5CF9864EBE8624C70DBA"
"2015-03-20 Pictures (Hoshi).pdf","https://www.kurims.kyoto-u.ac.jp/~motizuki/2015-03-20%20Pictures%20(Hoshi).pdf","already-present","16948004","A80E08CE17289176C87ADAF873A83090FB73F1B698046C284A833CD89C17AA1D"
"2015-03-20 Pictures (Mochizuki).pdf","https://www.kurims.kyoto-u.ac.jp/~motizuki/2015-03-20%20Pictures%20(Mochizuki).pdf","already-present","14352055","221D991201669DEA7AB1D74A2DF0007E7C61E1A433355A5368D4060B559CE8BD"
"2015-04-24 Indecomposability of Various Profinite Groups Arising from Hyperbolic Curves.pdf","https://www.kurims.kyoto-u.ac.jp/~motizuki/2015-04-24%20Indecomposability%20of%20Various%20Profinite%20Groups%20Arising%20from%20Hyperbolic%20Curves.pdf","already-present","145484","EB733774B6F4F30277C1FB52A9B903493F7E28BCB605FDF54AC7A8E8FA824C47"
"2015-10-18 Degeneration of Period Matices.pdf","https://www.kurims.kyoto-u.ac.jp/~motizuki/2015-10-18%20Degeneration%20of%20Period%20Matices.pdf","already-present","183696","FD64D1CF18CC795A1C53157A92F5719B022A0503DBCA75F827D146EA3B0D921F"
"2016-01-25 Minamide on Combinatorial Anabelian Geometry (1).pdf","https://www.kurims.kyoto-u.ac.jp/~motizuki/2016-01-25%20Minamide%20on%20Combinatorial%20Anabelian%20Geometry%20(1).pdf","already-present","15575414","EA1A3CDF4660789985F9595B95679A8E402C8CD8BD27BC538AA1C8903D1DBA1E"
"2016-01-25 Minamide on Combinatorial Anabelian Geometry (2).pdf","https://www.kurims.kyoto-u.ac.jp/~motizuki/2016-01-25%20Minamide%20on%20Combinatorial%20Anabelian%20Geometry%20(2).pdf","already-present","13445710","4B4A5593364474CD8153506CD8CAE822469AE1D7A560BDB09FEA683AAC3D71BC"
"2016-01-25 Minamide on Combinatorial Anabelian Geometry (3).pdf","https://www.kurims.kyoto-u.ac.jp/~motizuki/2016-01-25%20Minamide%20on%20Combinatorial%20Anabelian%20Geometry%20(3).pdf","already-present","13929665","BF481C5B2A5353479740151454A382A4F01A4BD768025B44EB4357C2509DAA38"
"2016-01-25 Minamide on Combinatorial Anabelian Geometry (4).pdf","https://www.kurims.kyoto-u.ac.jp/~motizuki/2016-01-25%20Minamide%20on%20Combinatorial%20Anabelian%20Geometry%20(4).pdf","already-present","14510921","CAF8EC0B625FEF329F027ABE223C5C2BC5BEE55E30F2170CC347F4F0A82418D9"
"2016-03-15 Minamide on Combinatorial Anabelian Geometry (1).pdf","https://www.kurims.kyoto-u.ac.jp/~motizuki/2016-03-15%20Minamide%20on%20Combinatorial%20Anabelian%20Geometry%20(1).pdf","already-present","13417743","618606BC4BBD2CDBAAF57A1EDB7171D904220552DA94A7AB97B17123AD999388"
"2016-03-15 Minamide on Combinatorial Anabelian Geometry (2).pdf","https://www.kurims.kyoto-u.ac.jp/~motizuki/2016-03-15%20Minamide%20on%20Combinatorial%20Anabelian%20Geometry%20(2).pdf","already-present","13221031","3F0455D6B3C1013A98531CE0AC795281390691B7C37F84C7BCF98EEA9C33B0C2"
"2016-03-15 Minamide on Combinatorial Anabelian Geometry (3).pdf","https://www.kurims.kyoto-u.ac.jp/~motizuki/2016-03-15%20Minamide%20on%20Combinatorial%20Anabelian%20Geometry%20(3).pdf","already-present","12835360","51B725516841E3677DBBBF4D15ABD982BFE573E8FCDD55D798C3F484B84FFF7E"
"2016-03-15 Minamide on Combinatorial Anabelian Geometry (4).pdf","https://www.kurims.kyoto-u.ac.jp/~motizuki/2016-03-15%20Minamide%20on%20Combinatorial%20Anabelian%20Geometry%20(4).pdf","already-present","11004463","DD032AAA40643C32D4A9C8B4A4DF6AE5FCA59467876A4EB9AF2D085E8C35D827"
"2016-05-24-1 Introduction to multiple zeta values (Yamashita).pdf","https://www.kurims.kyoto-u.ac.jp/~motizuki/2016-05-24-1%20Introduction%20to%20multiple%20zeta%20values%20(Yamashita).pdf","already-present","13946349","F0E4610D2BD17561E1938BEDCF581DC46634649674C5A24E29BEC0738708C1B8"
"2016-05-24-2 Introduction to multiple zeta values (Yamashita).pdf","https://www.kurims.kyoto-u.ac.jp/~motizuki/2016-05-24-2%20Introduction%20to%20multiple%20zeta%20values%20(Yamashita).pdf","already-present","13725807","D4E96CB09EB68CFC49BF3617042B46042E9BDB7E55C2EAEC59BABA9D179F42A7"
"2016-05-24-3 Introduction to multiple zeta values (Yamashita).pdf","https://www.kurims.kyoto-u.ac.jp/~motizuki/2016-05-24-3%20Introduction%20to%20multiple%20zeta%20values%20(Yamashita).pdf","already-present","13521034","EFF1B037049D83C3621086230E8F8D5F6284779AA263141AACF3D7100D83E040"
"2016-05-24-4 Introduction to multiple zeta values (Yamashita).pdf","https://www.kurims.kyoto-u.ac.jp/~motizuki/2016-05-24-4%20Introduction%20to%20multiple%20zeta%20values%20(Yamashita).pdf","already-present","13161099","A731FB6E0E06735701CABF6DCB320CDC624CA7FA36D0B672C98F07916E9AF3AF"
"2016-05-24-5 Introduction to multiple zeta values (Yamashita).pdf","https://www.kurims.kyoto-u.ac.jp/~motizuki/2016-05-24-5%20Introduction%20to%20multiple%20zeta%20values%20(Yamashita).pdf","already-present","13019797","2DFA523164D2247847D045831F0713991A624801DA98512027AC03A6E6D9ABBD"
"2016-05-24-6 Introduction to multiple zeta values (Yamashita).pdf","https://www.kurims.kyoto-u.ac.jp/~motizuki/2016-05-24-6%20Introduction%20to%20multiple%20zeta%20values%20(Yamashita).pdf","already-present","8251189","79599970B491B62145DF4D72087CBBD716A45075927932D67A01EA3FAD00622E"
"2016-09-13 Minamide on Configuration Space Groups (1).pdf","https://www.kurims.kyoto-u.ac.jp/~motizuki/2016-09-13%20Minamide%20on%20Configuration%20Space%20Groups%20(1).pdf","already-present","13944797","44D6290153AF3CF5453A0C1E6BD25035A0249989DF977711CA48EB9492FCF8E8"
"2016-09-13 Minamide on Configuration Space Groups (2).pdf","https://www.kurims.kyoto-u.ac.jp/~motizuki/2016-09-13%20Minamide%20on%20Configuration%20Space%20Groups%20(2).pdf","already-present","14459672","6FD4F9F281ED6750D89F948F78985B60E1FA4C78627404025F625FDD841A5E35"
"2016-09-13 Minamide on Configuration Space Groups (3).pdf","https://www.kurims.kyoto-u.ac.jp/~motizuki/2016-09-13%20Minamide%20on%20Configuration%20Space%20Groups%20(3).pdf","already-present","14252531","B29CC246183B398D99512A9AF4AF87D129D2CC4464CA1BC9C7147A49EA74D303"
"2016-09-13 Minamide on Configuration Space Groups (4).pdf","https://www.kurims.kyoto-u.ac.jp/~motizuki/2016-09-13%20Minamide%20on%20Configuration%20Space%20Groups%20(4).pdf","already-present","12946577","29DD378E096C20B739D988CED098E04BDFF3EE14C8D8BABB0D2BC0C26043AA53"
"2018-03-12 Reconstruction of inertia groups associated to log divisors from a configuration space  group equipped with log-full subgroups.pdf","https://www.kurims.kyoto-u.ac.jp/~motizuki/2018-03-12%20Reconstruction%20of%20inertia%20groups%20associated%20to%20log%20divisors%20from%20a%20configuration%20space%20%20group%20equipped%20with%20log-full%20subgroups.pdf","already-present","229897","4407E4FADD3734D6F9E61B47AFE46A3DB6EA8A9974783A8449EC726830BC5867"
"2018-05-07 Geometric version of the Grothendieck Conjecutre for universal curves over Hurwitz stacks.pdf","https://www.kurims.kyoto-u.ac.jp/~motizuki/2018-05-07%20Geometric%20version%20of%20the%20Grothendieck%20Conjecutre%20for%20universal%20curves%20over%20Hurwitz%20stacks.pdf","already-present","478492","0175923AFCA956815AC3A6C2FD46C6F04DDDB2290D8A3B8AAB68B8580EB320E3"
"2018-06-25 Near Miss abc-Triples in General Number Fields.pdf","https://www.kurims.kyoto-u.ac.jp/~motizuki/2018-06-25%20Near%20Miss%20abc-Triples%20in%20General%20Number%20Fields.pdf","already-present","115653","1C118E4B7E4A667C49A85D49312776BCBFA98E4FDCA0D8BCF9DF4A191F82C292"
"2019-02-24 Near miss abc-triples in compactly bounded subsets.pdf","https://www.kurims.kyoto-u.ac.jp/~motizuki/2019-02-24%20Near%20miss%20abc-triples%20in%20compactly%20bounded%20subsets.pdf","already-present","204092","8D18BB794A4F0B1C0CD173F1915224AFD4BC4A4666889E48583ED007D3A7090E"
"2020-11 Classical roots of IUT (Abstract).pdf","https://www.kurims.kyoto-u.ac.jp/~motizuki/2020-11%20Classical%20roots%20of%20IUT%20(Abstract).pdf","already-present","47379","447E29CD8F77D60252AC19BBCE476EAB516E63D6B4FEDC35CCC8F109590E9D46"
"2020-11 Classical roots of IUT (marked up version).pdf","https://www.kurims.kyoto-u.ac.jp/~motizuki/2020-11%20Classical%20roots%20of%20IUT%20(marked%20up%20version).pdf","already-present","859539","5437958E745BCBAD44EA6CC11F91E246E37590B90A1E63D1EFB94F019EE191F5"
"2020-11 Classical roots of IUT.pdf","https://www.kurims.kyoto-u.ac.jp/~motizuki/2020-11%20Classical%20roots%20of%20IUT.pdf","already-present","250301","D5F3952A30819E169E334D578B25A82CE49038CDB707ED73B9BB24D44416066F"
"2023-08 Brief report on the current situation surrounding inter-universal Teichmuller theory (IUT).pdf","https://www.kurims.kyoto-u.ac.jp/~motizuki/2023-08%20Brief%20report%20on%20the%20current%20situation%20surrounding%20inter-universal%20Teichmuller%20theory%20(IUT).pdf","already-present","165736","D7FCF6AFC1E29B7CCF114A9EED0BAE9BCF296220AE7B143AC6600AE1EC6763F4"
"2024-04 Announcement on the occasion of the awarding of the IUT Innovator Prize (Japanese).pdf","https://www.kurims.kyoto-u.ac.jp/~motizuki/2024-04%20Announcement%20on%20the%20occasion%20of%20the%20awarding%20of%20the%20IUT%20Innovator%20Prize%20(Japanese).pdf","already-present","200231","9CA4550493511E744F910F3494C2FA511D49CCA5D1CE95D10185D379FE292F7E"
"A Brief Introduction to Inter-universal Geometry (Tokyo 2004-01).pdf","https://www.kurims.kyoto-u.ac.jp/~motizuki/A%20Brief%20Introduction%20to%20Inter-universal%20Geometry%20(Tokyo%202004-01).pdf","already-present","2135080","53B8A30AF04090A85DFF28E1E0D0DF2149954BBFABDFED2A1681D50B44BF8250"
"A Brief Survey of the Geometry of Categories (Okayama 2005-05).pdf","https://www.kurims.kyoto-u.ac.jp/~motizuki/A%20Brief%20Survey%20of%20the%20Geometry%20of%20Categories%20(Okayama%202005-05).pdf","already-present","1232913","846E00E7042F9CE6A3050DA5691595851747FDE1251EAFB88E6DF265BC8D9EB4"
"A Survey of Absolute p-adic Anabelian Geometry (RIMS Kyoto 2006-11).pdf","https://www.kurims.kyoto-u.ac.jp/~motizuki/A%20Survey%20of%20Absolute%20p-adic%20Anabelian%20Geometry%20(RIMS%20Kyoto%202006-11).pdf","already-present","136824","F2FAEF924E06C99F6B71EE561E8E13C7EB5C50A0763E7D7CB3D72A88B41353F2"
"A Survey of the Hodge-Arakelov Theory of Elliptic Curves I (comments).pdf","https://www.kurims.kyoto-u.ac.jp/~motizuki/A%20Survey%20of%20the%20Hodge-Arakelov%20Theory%20of%20Elliptic%20Curves%20I%20(comments).pdf","already-present","23807","17BA8080637A948360DD1FBD8A054AF3A7CC16B338D154DC01A3EAB3B724FD77"
"A Survey of the Hodge-Arakelov Theory of Elliptic Curves I.pdf","https://www.kurims.kyoto-u.ac.jp/~motizuki/A%20Survey%20of%20the%20Hodge-Arakelov%20Theory%20of%20Elliptic%20Curves%20I.pdf","already-present","290243","572DAA50B04CECA1BEC41833B7EBCD7442172E2B60DCF20E556BDAA6B00FC70C"
"A Survey of the Hodge-Arakelov Theory of Elliptic Curves II (comments).pdf","https://www.kurims.kyoto-u.ac.jp/~motizuki/A%20Survey%20of%20the%20Hodge-Arakelov%20Theory%20of%20Elliptic%20Curves%20II%20(comments).pdf","already-present","23157","BE3898F44070ED0F6C2494E3D03E8026C209D9377BEA20DD6E8A0AC8996169C5"
"A Survey of the Hodge-Arakelov Theory of Elliptic Curves II.pdf","https://www.kurims.kyoto-u.ac.jp/~motizuki/A%20Survey%20of%20the%20Hodge-Arakelov%20Theory%20of%20Elliptic%20Curves%20II.pdf","already-present","258720","A40B7AB0C471127CD4557CE70B1CB3276A0D002788D26B41989435B90E199D56"
"A Theory of Ordinary p-adic Curves (comments).pdf","https://www.kurims.kyoto-u.ac.jp/~motizuki/A%20Theory%20of%20Ordinary%20p-adic%20Curves%20(comments).pdf","already-present","66406","0FC49ECB8C9F7515165E14A20EBED466426460BD3D2D1C9CCFE788842DB5B82E"
"A Theory of Ordinary p-adic Curves.pdf","https://www.kurims.kyoto-u.ac.jp/~motizuki/A%20Theory%20of%20Ordinary%20p-adic%20Curves.pdf","already-present","1085847","82844F858AEF35ACC747D47519411AC37C244EF3CF18C0AF47F3B1DA6B3A9CD0"
"A Version of the Grothendieck Conjecture for p-adic Local Fields.pdf","https://www.kurims.kyoto-u.ac.jp/~motizuki/A%20Version%20of%20the%20Grothendieck%20Conjecture%20for%20p-adic%20Local%20Fields.pdf","already-present","103380","757670E59A4E9D4C69675FEC91B5D6998B411D3554E721B40D445E61A867121E"
"Absolute Anabelian Cuspidalizations (comments).pdf","https://www.kurims.kyoto-u.ac.jp/~motizuki/Absolute%20Anabelian%20Cuspidalizations%20(comments).pdf","already-present","56783","9ECB6D4F3C09E6E5152D431C5119F30634D2B2D9610766456DCD5222246A4A14"
"Absolute Anabelian Cuspidalizations (LaTeX version).pdf","https://www.kurims.kyoto-u.ac.jp/~motizuki/Absolute%20Anabelian%20Cuspidalizations%20(LaTeX%20version).pdf","already-present","659403","884FBAE92281D634B01C393D2B26AAC138BB1F3754556B599592095DCE5CD18D"
"Absolute Anabelian Cuspidalizations (RIMS Kyoto 2005-02).pdf","https://www.kurims.kyoto-u.ac.jp/~motizuki/Absolute%20Anabelian%20Cuspidalizations%20(RIMS%20Kyoto%202005-02).pdf","already-present","2079313","2BDC0A9341C7DD9E49B52F8B4C19D0AB711059D3023DCD5217B36DF4B891A217"
"Absolute Anabelian Cuspidalizations.pdf","https://www.kurims.kyoto-u.ac.jp/~motizuki/Absolute%20Anabelian%20Cuspidalizations.pdf","already-present","636169","2FE56B1E95FB5C56E8B0B82FD6BE2A31167D4B3D17C359A1815406A6EE29C57C"
"Absolute Anabelian Geometry (comments).pdf","https://www.kurims.kyoto-u.ac.jp/~motizuki/Absolute%20Anabelian%20Geometry%20(comments).pdf","already-present","41755","7DA934072C35B0BBF18546C53978C6994DC7EE27215CCABDFF6C0EF6CA520E4F"
"Absolute Anabelian Geometry.pdf","https://www.kurims.kyoto-u.ac.jp/~motizuki/Absolute%20Anabelian%20Geometry.pdf","already-present","349099","49719F4A75006314FEE99DD704FB347B716FE140EB2705F7E38E9B57ED3980BA"
"Alien Copies, Gaussians, and Inter-universal Teichmuller Theory.pdf","https://www.kurims.kyoto-u.ac.jp/~motizuki/Alien%20Copies,%20Gaussians,%20and%20Inter-universal%20Teichmuller%20Theory.pdf","already-present","1016365","B2510B7276AB08F9F758E283200A4FC87205D2439D6D9B75AFE8DF6CCB182D1E"
"An explicit formula for the generic number of dormant indigenous bundles.pdf","https://www.kurims.kyoto-u.ac.jp/~motizuki/An%20explicit%20formula%20for%20the%20generic%20number%20of%20dormant%20indigenous%20bundles.pdf","already-present","251716","8ABBEAEB7051BFB09BA1746AC8882F2BF98A875CC93E481ED00EB0C737CAD2CC"
"An Introduction to p-adic Teichmuller Theory (comments).pdf","https://www.kurims.kyoto-u.ac.jp/~motizuki/An%20Introduction%20to%20p-adic%20Teichmuller%20Theory%20(comments).pdf","already-present","64210","825C7A2E333E08CC2691DDD81CBD2F088AA08FA8DC7FCA5AA58805B67AA36A4F"
"An Introduction to p-adic Teichmuller Theory.pdf","https://www.kurims.kyoto-u.ac.jp/~motizuki/An%20Introduction%20to%20p-adic%20Teichmuller%20Theory.pdf","already-present","344958","8E35C9048787D1711336F908AB9A59C279ED7B04012DFC66BD0720F04A6F07CA"
"Anabelian Geometry from an Inter-universal Point of View (RIMS Kyoto 2004-09).pdf","https://www.kurims.kyoto-u.ac.jp/~motizuki/Anabelian%20Geometry%20from%20an%20Inter-universal%20Point%20of%20View%20(RIMS%20Kyoto%202004-09).pdf","already-present","4660908","91BDF98725F08D259AFCD0974611D5DECE376F6F528D813BE6F6DBEFF2FF658B"
"Anabelian Geometry in the Hodge-Arakelov Theory of Elliptic Curves (Kokyuroku 2002).pdf","https://www.kurims.kyoto-u.ac.jp/~motizuki/Anabelian%20Geometry%20in%20the%20Hodge-Arakelov%20Theory%20of%20Elliptic%20Curves%20(Kokyuroku%202002).pdf","already-present","166797","CE0741D7BB7013719FBFD6770B422197FD6E92A94FCC6250C1AB180DA28A855D"
"Anabelioid no kikagaku (Meijidai 2002-03).pdf","https://www.kurims.kyoto-u.ac.jp/~motizuki/Anabelioid%20no%20kikagaku%20(Meijidai%202002-03).pdf","already-present","144252","F1B79F9E1CC9A9DFFF11154BB04F15B9D1299110BCE31D85687D624F103345F7"
"Anabelioid no kikagaku to Teichmuller riron (Muroran 2002-08).pdf","https://www.kurims.kyoto-u.ac.jp/~motizuki/Anabelioid%20no%20kikagaku%20to%20Teichmuller%20riron%20(Muroran%202002-08).pdf","already-present","159672","0C18E1FB4E531E3C7CD9BD41C8BFDBB4F12989583506B0C1764244C50EFC3B39"
"Arithmetic Elliptic Curves in General Position (comments).pdf","https://www.kurims.kyoto-u.ac.jp/~motizuki/Arithmetic%20Elliptic%20Curves%20in%20General%20Position%20(comments).pdf","already-present","56654","AF0389C61F9B95F53AFCA8C160FB69DB866ECCEC1C39260A6A6DC32C0B363B7C"
"Arithmetic Elliptic Curves in General Position.pdf","https://www.kurims.kyoto-u.ac.jp/~motizuki/Arithmetic%20Elliptic%20Curves%20in%20General%20Position.pdf","already-present","262332","B9DC115AF61DCA7FE434332EBAFDDF6A376A9E2926DAD4E1EA2DCC0D2441F768"
"Bogomolov from the Point of View of Inter-universal Teichmuller Theory (comments).pdf","https://www.kurims.kyoto-u.ac.jp/~motizuki/Bogomolov%20from%20the%20Point%20of%20View%20of%20Inter-universal%20Teichmuller%20Theory%20(comments).pdf","already-present","28563","0CA004E4A4210F701EE85586153555C18C4BD0D0095E0ABD648A8472234D32C2"
"Bogomolov from the Point of View of Inter-universal Teichmuller Theory.pdf","https://www.kurims.kyoto-u.ac.jp/~motizuki/Bogomolov%20from%20the%20Point%20of%20View%20of%20Inter-universal%20Teichmuller%20Theory.pdf","already-present","223992","C6055D416C11A251EA2F6D1910B0902FAC7C24873E15A3C1115C75CE426C30CD"
"Canonical Liftings (comments).pdf","https://www.kurims.kyoto-u.ac.jp/~motizuki/Canonical%20Liftings%20(comments).pdf","already-present","38565","51E391814C9D57B57A0D241E9C851EA45B986FF3ADBA02305E73C68A37F758DF"
"Canonical Liftings.pdf","https://www.kurims.kyoto-u.ac.jp/~motizuki/Canonical%20Liftings.pdf","already-present","246691","DCF986ECBB06D4E9CB49F6FF92D7417D7E63CE946FD1403B1128E416D9AC807A"
"Categorical Representation of Arithmetic Log Schemes - with Applications to the Arithmetic of Elliptic Curves (Tokyo 2004-02).pdf","https://www.kurims.kyoto-u.ac.jp/~motizuki/Categorical%20Representation%20of%20Arithmetic%20Log%20Schemes%20-%20with%20Applications%20to%20the%20Arithmetic%20of%20Elliptic%20Curves%20(Tokyo%202004-02).pdf","already-present","1284419","9E8B9F0B9394781FF180DF3B46D6DBB06BFDB5F5F303A0C3B37E8095133F7465"
"Categorical Representation of Locally Noetherian Log Schemes (comments).pdf","https://www.kurims.kyoto-u.ac.jp/~motizuki/Categorical%20Representation%20of%20Locally%20Noetherian%20Log%20Schemes%20(comments).pdf","already-present","42039","9A43D22F41DE0BCFEE65488812E7BCDFD6418CF2B2AB637E7CFD3C5125A7C83F"
"Categorical Representation of Locally Noetherian Log Schemes.pdf","https://www.kurims.kyoto-u.ac.jp/~motizuki/Categorical%20Representation%20of%20Locally%20Noetherian%20Log%20Schemes.pdf","already-present","213875","80B6ECFA8B0FE0124C660AC07389CDF186C82AF85C465B1654E7915B087EADE5"
"Categories of Hyperbolic Riemann Surfaces (comments).pdf","https://www.kurims.kyoto-u.ac.jp/~motizuki/Categories%20of%20Hyperbolic%20Riemann%20Surfaces%20(comments).pdf","already-present","31044","E7FB0C94959C5AF7F88E8093344A091457C483C5FCC6D029B75476ED5110EAD9"
"Categories of Hyperbolic Riemann Surfaces.pdf","https://www.kurims.kyoto-u.ac.jp/~motizuki/Categories%20of%20Hyperbolic%20Riemann%20Surfaces.pdf","already-present","296740","53FC4A9B6FF6D51A45149FF56A3DA723AEE2ED4AB282AE08422691667BF02F6E"
"Categories of Log Schemes with Archimedean Structures (comments).pdf","https://www.kurims.kyoto-u.ac.jp/~motizuki/Categories%20of%20Log%20Schemes%20with%20Archimedean%20Structures%20(comments).pdf","already-present","31725","72D93EBF48593B2D936DA03FBE41B49F446E8DEAC2073C756C60420A8BDF9748"
"Categories of Log Schemes with Archimedean Structures (LaTeX version).pdf","https://www.kurims.kyoto-u.ac.jp/~motizuki/Categories%20of%20Log%20Schemes%20with%20Archimedean%20Structures%20(LaTeX%20version).pdf","already-present","202837","E36170DCD50682FB0253BF968DEC6A45D54D438E19E84A2F935C82FAFBED349E"
"Categories of Log Schemes with Archimedean Structures.pdf","https://www.kurims.kyoto-u.ac.jp/~motizuki/Categories%20of%20Log%20Schemes%20with%20Archimedean%20Structures.pdf","already-present","179937","018CE4F06534B45E26C85C670E9372EE7B215279284573715601094F80466407"
"Classical roots of IUT (marked up version 2021-12-14).pdf","https://www.kurims.kyoto-u.ac.jp/~motizuki/Classical%20roots%20of%20IUT%20(marked%20up%20version%202021-12-14).pdf","already-present","584865","0D6FE0309A2ED50A5468051DF30F53DD529B1F411245282559824C2DD1D16B8B"
"Combinatorial absolute Galois groups.pdf","https://www.kurims.kyoto-u.ac.jp/~motizuki/Combinatorial%20absolute%20Galois%20groups.pdf","already-present","657698","D171DBDB171E10237682796F5F36F7D4D68BC13356750DE76BF4B7A44A5B3ECC"
"Combinatorial Anabelian Topics I (comments).pdf","https://www.kurims.kyoto-u.ac.jp/~motizuki/Combinatorial%20Anabelian%20Topics%20I%20(comments).pdf","already-present","56059","0CE7E66880B9BD7E1EAF36FA3775CCF9A047BDE2CC4013065D9AA342EC4FF246"
"Combinatorial Anabelian Topics I.pdf","https://www.kurims.kyoto-u.ac.jp/~motizuki/Combinatorial%20Anabelian%20Topics%20I.pdf","already-present","928246","5C623FD1CF71C87B52A7386550EF9E6304EA14900EBCBC29DFCED995073673AF"
"Combinatorial Anabelian Topics II.pdf","https://www.kurims.kyoto-u.ac.jp/~motizuki/Combinatorial%20Anabelian%20Topics%20II.pdf","already-present","1086851","FB303BFDE45538E4456241386F9464229D4885111B699131B3B360059FB7EC75"
"Combinatorial Anabelian Topics III.pdf","https://www.kurims.kyoto-u.ac.jp/~motizuki/Combinatorial%20Anabelian%20Topics%20III.pdf","already-present","695374","763D19BB5A4A9BF9EFDE2C89DAF9C72C0F43802C92AA09F77D032B261CF1F9F0"
"Combinatorial Anabelian Topics IV.pdf","https://www.kurims.kyoto-u.ac.jp/~motizuki/Combinatorial%20Anabelian%20Topics%20IV.pdf","already-present","829343","33803EB31B54FBA24CEFB0371FABAFC940308326BC948A0AC4826DB6FD64FFB9"
"Combinatorial Cuspidalization (comments).pdf","https://www.kurims.kyoto-u.ac.jp/~motizuki/Combinatorial%20Cuspidalization%20(comments).pdf","already-present","40191","CF0E64D75C22AA93738389A9F683DA9E9F784AFFD95552267BB35B425147F28E"
"Combinatorial Cuspidalization.pdf","https://www.kurims.kyoto-u.ac.jp/~motizuki/Combinatorial%20Cuspidalization.pdf","already-present","554038","30679BA16F636666FFDA7ABE59F02A7BC81E5D8DC7E02594D064EC61AD3CC4FF"
"Combinatorial Grothendieck Conjecture (comments).pdf","https://www.kurims.kyoto-u.ac.jp/~motizuki/Combinatorial%20Grothendieck%20Conjecture%20(comments).pdf","already-present","67839","08A45B35E56AA59DA636B461EA62C3101D43D37514CDB87CD3A499B1C896ACFD"
"Combinatorial Grothendieck Conjecture.pdf","https://www.kurims.kyoto-u.ac.jp/~motizuki/Combinatorial%20Grothendieck%20Conjecture.pdf","already-present","248286","4D2E91C13C816EABC2EDC08753ED62AE99881EE355BDE96066062EA4CF0BFF93"
"Combinatorial Section Conjecture and Pop-Stix.pdf","https://www.kurims.kyoto-u.ac.jp/~motizuki/Combinatorial%20Section%20Conjecture%20and%20Pop-Stix.pdf","already-present","87949","99C6CC6968B5286BE6D4421AF76AFC41B55997C4872AA5CCF85F097DDD3CB378"
"Comments on Valuations.pdf","https://www.kurims.kyoto-u.ac.jp/~motizuki/Comments%20on%20Valuations.pdf","already-present","71470","9A5F44A73D19AA0564A412F59E9393622560C22FC56772D3D2D3D3542891B4A0"
"Connections and Related Structures on the Universal Extension of an Elliptic Curve.PDF","https://www.kurims.kyoto-u.ac.jp/~motizuki/Connections%20and%20Related%20Structures%20on%20the%20Universal%20Extension%20of%20an%20Elliptic%20Curve.PDF","already-present","494926","2809B091EBDC4274509343724B2C02A2A840F3C915D792FDCBE75C1F62D313B5"
"Correspondences on Hyperbolic Curves (comments).pdf","https://www.kurims.kyoto-u.ac.jp/~motizuki/Correspondences%20on%20Hyperbolic%20Curves%20(comments).pdf","already-present","28144","D38CE7538A6F865DB8F2EFFF6166FA1B01EC886E0A941B49BB9135886C721A88"
"Correspondences on Hyperbolic Curves.pdf","https://www.kurims.kyoto-u.ac.jp/~motizuki/Correspondences%20on%20Hyperbolic%20Curves.pdf","already-present","162817","5DC3075266D73CDCE1ACFF41FAC78594AF7277D28DB1D0D293AA79B96180F784"
"Daenkyokusen no hikakuteiri to thetakansuu (Toudai 1999-07).pdf","https://www.kurims.kyoto-u.ac.jp/~motizuki/Daenkyokusen%20no%20hikakuteiri%20to%20thetakansuu%20(Toudai%201999-07).pdf","already-present","71826","F49AA96599BB05CF6194D4F6CE136788EBB552C4A844A5226326ECC70FF21EBB"
"Daenkyokusen no Hodge-Arakelov riron (Kyoutodaigaku suuron goudou seminaa 1999-12).pdf","https://www.kurims.kyoto-u.ac.jp/~motizuki/Daenkyokusen%20no%20Hodge-Arakelov%20riron%20(Kyoutodaigaku%20suuron%20goudou%20seminaa%201999-12).pdf","already-present","195721","CC19EB8F6EE62E4887CFB559FD7482400CD6CCF281E48E71872989494FD5E658"
"Daenkyokusen no Hodge-Arakelov riron ni okeru en-aaberu kika+suuronteki bibun to ha nanika (Nagoya 2001-11).pdf","https://www.kurims.kyoto-u.ac.jp/~motizuki/Daenkyokusen%20no%20Hodge-Arakelov%20riron%20ni%20okeru%20en-aaberu%20kika+suuronteki%20bibun%20to%20ha%20nanika%20(Nagoya%202001-11).pdf","already-present","112071","05792FE16D2BCDDE27BE1565133B783547ABF3F34E96163D05FD886491A7CB80"
"Daisuukyokusen ni kansuru Grothendieck yosou - p-shin kika no shiten kara (Tsudajuku 1998-10).pdf","https://www.kurims.kyoto-u.ac.jp/~motizuki/Daisuukyokusen%20ni%20kansuru%20Grothendieck%20yosou%20-%20p-shin%20kika%20no%20shiten%20kara%20(Tsudajuku%201998-10).pdf","already-present","224861","543AF03917E41D7745BF34643D25C5ECBBE3E0F8DB459AF49F970835C50F1C6E"
"Daisuukyokusen ni kansuru Grothendieck yosou - p-shin kika no shiten kara (Tsudajuku genkou 1998-10).pdf","https://www.kurims.kyoto-u.ac.jp/~motizuki/Daisuukyokusen%20ni%20kansuru%20Grothendieck%20yosou%20-%20p-shin%20kika%20no%20shiten%20kara%20(Tsudajuku%20genkou%201998-10).pdf","already-present","2288476","81751A1AD2A2C7032CBB62F975BD65A40E2160E2E2E672D2AD22AD613491AA29"
"Daisuukyokusen ni kansuru Grothendieck yosou (ronsetsu).pdf","https://www.kurims.kyoto-u.ac.jp/~motizuki/Daisuukyokusen%20ni%20kansuru%20Grothendieck%20yosou%20(ronsetsu).pdf","already-present","337020","60FF68A172FAD504E42CE5D7E8F8054DCA0AE1843294B7BCFF19D199FE602331"
"Essential Logical Structure of Inter-universal Teichmuller Theory.pdf","https://www.kurims.kyoto-u.ac.jp/~motizuki/Essential%20Logical%20Structure%20of%20Inter-universal%20Teichmuller%20Theory.pdf","already-present","1021306","C0E63B629AA174AA065E93D08DEFE3E5D0837C8778AAB527383798BAF8CA6E32"
"Explicit estimates in IUTeich.pdf","https://www.kurims.kyoto-u.ac.jp/~motizuki/Explicit%20estimates%20in%20IUTeich.pdf","already-present","435083","4CACCE3F1085C4F58D6BF66C25F8E7C8C6344E6C3811F89AC43DF1E5F31D2D64"
"Extending Families of Curves over Log Regular Schemes.pdf","https://www.kurims.kyoto-u.ac.jp/~motizuki/Extending%20Families%20of%20Curves%20over%20Log%20Regular%20Schemes.pdf","already-present","267377","4E9D0FE36EE7E3A496E26EAA7155B0A244EC67D9B555DDD40AE99F25297E994D"
"FAQ on IUTeich.pdf","https://www.kurims.kyoto-u.ac.jp/~motizuki/FAQ%20on%20IUTeich.pdf","already-present","254799","CFE49E61E2D55B53A1FE29B7D2C7F0B936014BE62ABB42FAC5A3682AE2546F56"
"Fibered products of Hopf algebras and Seifert-van Kampen theorem for semi-graphs of Tannakian categories.pdf","https://www.kurims.kyoto-u.ac.jp/~motizuki/Fibered%20products%20of%20Hopf%20algebras%20and%20Seifert-van%20Kampen%20theorem%20for%20semi-graphs%20of%20Tannakian%20categories.pdf","already-present","232004","3178318011DC38C013BFD4981C96F4032D01E735BC5FF9E37DBD52E7F03CEABF"
"Formalization of IUT (2026-04).pdf","https://www.kurims.kyoto-u.ac.jp/~motizuki/Formalization%20of%20IUT%20(2026-04).pdf","already-present","347480","9A32B2485B5875574D7470256D3414B88EE6AC3ED8A39A82EA7332E25072EE9C"
"Foundations (comments).pdf","https://www.kurims.kyoto-u.ac.jp/~motizuki/Foundations%20(comments).pdf","already-present","71272","9E0A15936BEB493A6B782CB7B56242AAFE94547D2C4246EAB8CDB060F0F64418"
"Galois Sections (comments).pdf","https://www.kurims.kyoto-u.ac.jp/~motizuki/Galois%20Sections%20(comments).pdf","already-present","24480","D62A52825D2CFB8CD6143E6B98B329FB1503CC427EBFFF9AFAECC04DC3779DB8"
"Galois Sections.pdf","https://www.kurims.kyoto-u.ac.jp/~motizuki/Galois%20Sections.pdf","already-present","219399","9C58AFAEA9378B791F31AE10CDCA108DE71C8F971A5838E68C3E4F8051CEC305"
"Global Solvably Closed Anabelian Geometry (LaTeX version).pdf","https://www.kurims.kyoto-u.ac.jp/~motizuki/Global%20Solvably%20Closed%20Anabelian%20Geometry%20(LaTeX%20version).pdf","already-present","165721","663C886547585BCBC926A603BE992D0966A56DFC6ED8BF87D5071FEA9B02C103"
"Global Solvably Closed Anabelian Geometry.pdf","https://www.kurims.kyoto-u.ac.jp/~motizuki/Global%20Solvably%20Closed%20Anabelian%20Geometry.pdf","already-present","157875","A43821CEDF42127F45A8837435842792345F675B2D2EDBBC93625EFB0B9BA189"
"Grothendieck yosou (1997nen izen).pdf","https://www.kurims.kyoto-u.ac.jp/~motizuki/Grothendieck%20yosou%20(1997nen%20izen).pdf","already-present","155176","60FC572874DA5095028946E59F1B1AB9E419E655681A843569CDA4EE71C46AA2"
"GT Theory as a Species of Teichmuller Theory.pdf","https://www.kurims.kyoto-u.ac.jp/~motizuki/GT%20Theory%20as%20a%20Species%20of%20Teichmuller%20Theory.pdf","already-present","474852","53191534000A11DB940D416263324E4BAB004BB3E0B2232444706A2C3F0613C2"
"hoshi-master-2006-03.pdf","https://www.kurims.kyoto-u.ac.jp/~motizuki/hoshi-master-2006-03.pdf","already-present","702881","DFE07F79F741956388D67BE01ADEEFE8DF57872E5EAD4CD67D75AD220A19C2FC"
"ICM98 no houkoku.pdf","https://www.kurims.kyoto-u.ac.jp/~motizuki/ICM98%20no%20houkoku.pdf","already-present","121362","47287302A3E0AD843235AFA6C1086DA23A1CD87D9150FC27FCC2DC404F4E203B"
"Inter-universal Hodge-Arakelov Theory (RIMS Kyoto 2005-12).pdf","https://www.kurims.kyoto-u.ac.jp/~motizuki/Inter-universal%20Hodge-Arakelov%20Theory%20(RIMS%20Kyoto%202005-12).pdf","already-present","3251695","B65517F8C3C9DDAC05D47B544A2C43726D63C5DE1278E18C23746A41B668B2B7"
"Inter-universal Teichmuller Theory --- a Progress Report.pdf","https://www.kurims.kyoto-u.ac.jp/~motizuki/Inter-universal%20Teichmuller%20Theory%20---%20a%20Progress%20Report.pdf","already-present","126292","D7779F5A4FF5F94FCDC47266FDA2D001FEB9A65D8038FBF25FB8394DDA8CC106"
"Inter-universal Teichmuller Theory I.pdf","https://www.kurims.kyoto-u.ac.jp/~motizuki/Inter-universal%20Teichmuller%20Theory%20I.pdf","already-present","1280589","7360E3ED27C235B5497A0743D3ED1646FBB97688547D16B7C784FC7F127F1F03"
"Inter-universal Teichmuller Theory II.pdf","https://www.kurims.kyoto-u.ac.jp/~motizuki/Inter-universal%20Teichmuller%20Theory%20II.pdf","already-present","1203855","180BFA6AADDC4AE37AF37ACAAD51F61E0A47B33B8255AD3169E28A970AE39B7C"
"Inter-universal Teichmuller Theory III.pdf","https://www.kurims.kyoto-u.ac.jp/~motizuki/Inter-universal%20Teichmuller%20Theory%20III.pdf","already-present","1307865","9A7EE3C77B1C7717210C0613EB39B6844649D0040DC3D9E1BE7D544F8F91A0B9"
"Inter-universal Teichmuller Theory IV (comments).pdf","https://www.kurims.kyoto-u.ac.jp/~motizuki/Inter-universal%20Teichmuller%20Theory%20IV%20(comments).pdf","already-present","52041","15550DBFD94A2C6AD65FB64E874EB409E67D35ED9B4D44349E3CFB5C7042725E"
"Inter-universal Teichmuller Theory IV.pdf","https://www.kurims.kyoto-u.ac.jp/~motizuki/Inter-universal%20Teichmuller%20Theory%20IV.pdf","already-present","632447","5BF4B1E0A8C2686562A6859E5009D301335044CFB5EFEC5D3A9EDF764E4AF87F"
"Invitation to view IUT workshop videos.pdf","https://www.kurims.kyoto-u.ac.jp/~motizuki/Invitation%20to%20view%20IUT%20workshop%20videos.pdf","already-present","89715","40783C09CCC4DB0A6D5B08BF7C4C91270F707A89E671F72317764423FD986598"
"IUT as an Anabelian Gateway (IUGC2024 version).pdf","https://www.kurims.kyoto-u.ac.jp/~motizuki/IUT%20as%20an%20Anabelian%20Gateway%20(IUGC2024%20version).pdf","already-present","508535","8A041C9066E3CE65177F1DBB78DFD17B957BFC14D9A254FF8EE5D125C4AD1044"
"IUT as an Anabelian Gateway (IUT Summit 2025 version).pdf","https://www.kurims.kyoto-u.ac.jp/~motizuki/IUT%20as%20an%20Anabelian%20Gateway%20(IUT%20Summit%202025%20version).pdf","already-present","3933321","C8F8FCC72E22F84047EBDA3CED11F88EC1FE0ED00EC10E03A29E88E307C10755"
"IUT as an Anabelian Gateway (MFO-RIMS23 Abstract).pdf","https://www.kurims.kyoto-u.ac.jp/~motizuki/IUT%20as%20an%20Anabelian%20Gateway%20(MFO-RIMS23%20Abstract).pdf","already-present","96968","48D6E62EFC830B061FCB43ACE285291A074259F4A0BFE848DC22BF45AB8A921D"
"IUT as an Anabelian Gateway (MFO-RIMS23 Oberwolfach Report).pdf","https://www.kurims.kyoto-u.ac.jp/~motizuki/IUT%20as%20an%20Anabelian%20Gateway%20(MFO-RIMS23%20Oberwolfach%20Report).pdf","already-present","328139","C6B2CE00D78420A54C861C0E43EF157BC578375677BAF6214B2E1D7F480AD108"
"IUT as an Anabelian Gateway (MFO-RIMS23 version).pdf","https://www.kurims.kyoto-u.ac.jp/~motizuki/IUT%20as%20an%20Anabelian%20Gateway%20(MFO-RIMS23%20version).pdf","already-present","172215","D0802379D20CC9F57A4055F01FF7A1492361B67E2497029A34B2959F22784A77"
"IUT as an Anabelian Gateway.pdf","https://www.kurims.kyoto-u.ac.jp/~motizuki/IUT%20as%20an%20Anabelian%20Gateway.pdf","already-present","322573","14B30A53D203C68AC7FEE1B25CCB0B7719712487D8A1B8446440319518E70C01"
"IUTeich Kenshou Houkoku 2013-12.pdf","https://www.kurims.kyoto-u.ac.jp/~motizuki/IUTeich%20Kenshou%20Houkoku%202013-12.pdf","already-present","287849","CCE2EB396C4C77B481F39D4E03B5028A0D0498845F52E43374C88EFA2C507718"
"IUTeich Kenshou Houkoku 2014-12.pdf","https://www.kurims.kyoto-u.ac.jp/~motizuki/IUTeich%20Kenshou%20Houkoku%202014-12.pdf","already-present","426449","845D87C2D32FA666414BFD2D7AD79B27E23C7A88816F1A392EAF8D59814868EE"
"IUTeich Verification Report 2013-12.pdf","https://www.kurims.kyoto-u.ac.jp/~motizuki/IUTeich%20Verification%20Report%202013-12.pdf","already-present","69441","173D8419DFAB56E12FCA57383EA0485A378CCC6FA28EEBE42AB63F6F1D853612"
"IUT-report-2025-10.pdf","https://www.kurims.kyoto-u.ac.jp/~motizuki/IUT-report-2025-10.pdf","already-present","169294","AF3562A010F9CC370B7CB5683975075A8AFCEFD6E80684067E089161AFC62F05"
"Jitsu fukusotayoutai no sekushon yosou to sokuchisen no kika (Hanshidai 2000-09).pdf","https://www.kurims.kyoto-u.ac.jp/~motizuki/Jitsu%20fukusotayoutai%20no%20sekushon%20yosou%20to%20sokuchisen%20no%20kika%20(Hanshidai%202000-09).pdf","already-present","146838","D1D8AF0EE217DC230F02536C932B9B7C4C355544F9B63532B7145B0F1889E069"
"jsps-prize-mochizuki-shinichi.pdf","https://www.kurims.kyoto-u.ac.jp/~motizuki/jsps-prize-mochizuki-shinichi.pdf","already-present","60741","B474AD65655C39C916B4D989EAAF0C30D5EB80651885E0669A6C8337798688EC"
"Kako to genzai no kenkyu (fonto umekomi ban).pdf","https://www.kurims.kyoto-u.ac.jp/~motizuki/Kako%20to%20genzai%20no%20kenkyu%20(fonto%20umekomi%20ban).pdf","already-present","155286","883AAFAE303CEC0E67265DC22218DC0DC51D5461434DAA775DEFE5BFA5342277"
"Kako to genzai no kenkyu.pdf","https://www.kurims.kyoto-u.ac.jp/~motizuki/Kako%20to%20genzai%20no%20kenkyu.pdf","already-present","342838","DF8C1FC73DC80EE44EA152E9704EA77698CC47204474AA51EC07C19DF230C508"
"Kihongun ni utsuru soukyokuteki kyokusen no kouzou.pdf","https://www.kurims.kyoto-u.ac.jp/~motizuki/Kihongun%20ni%20utsuru%20soukyokuteki%20kyokusen%20no%20kouzou.pdf","already-present","198882","9401A5F1D4E8ADACC3F034C4611AE4630FD90C6C4D60902312EC230549138E38"
"Minamide --- Explicit estimates in inter-universal Teichmuller theory (in progress).pdf","https://www.kurims.kyoto-u.ac.jp/~motizuki/Minamide%20---%20Explicit%20estimates%20in%20inter-universal%20Teichmuller%20theory%20(in%20progress).pdf","already-present","93973","09C4B31E63E824F410A5B6DDA3C41AEDF5385CCD51828FD4D15797E38B245F44"
"Minamide --- Introduction to Combinatorial Anabelian Geometry III.pdf","https://www.kurims.kyoto-u.ac.jp/~motizuki/Minamide%20---%20Introduction%20to%20Combinatorial%20Anabelian%20Geometry%20III.pdf","already-present","143814","A7AF2B92987E5BFCEC0BE7FF6A688250836DB45A69C9633B6CEBF3CEFD23E39C"
"Mochiifu.pdf","https://www.kurims.kyoto-u.ac.jp/~motizuki/Mochiifu.pdf","already-present","115066","997F86F493351B81205A6DB55EB4BC556B555E19ADA63AF0772F11843071C974"
"Monomorphisms in Categories of Log Schemes.pdf","https://www.kurims.kyoto-u.ac.jp/~motizuki/Monomorphisms%20in%20Categories%20of%20Log%20Schemes.pdf","already-present","487083","E695D40452B96BA100E1270A7D29C179EAB7C26F41CA4DBC005E7F74DB9C9CC8"
"Nodally Nondegenerate Outer Representations (comments).pdf","https://www.kurims.kyoto-u.ac.jp/~motizuki/Nodally%20Nondegenerate%20Outer%20Representations%20(comments).pdf","already-present","46774","5F1D1693294768C7937F554A8263D6608A175204871FA6422ABE4B854BF20DB9"
"Nodally Nondegenerate Outer Representations.pdf","https://www.kurims.kyoto-u.ac.jp/~motizuki/Nodally%20Nondegenerate%20Outer%20Representations.pdf","already-present","575079","8391B6A3D6840E1F4E21256075C90C063B2EB1437D4750870D194036E6623EF0"
"Noncritical Belyi Maps (comments).pdf","https://www.kurims.kyoto-u.ac.jp/~motizuki/Noncritical%20Belyi%20Maps%20(comments).pdf","already-present","23241","8FA3BA26EE629ACEBC77E8E53CE08CAFFF29CF31A1898FC121D03B50302F8C31"
"Noncritical Belyi Maps.pdf","https://www.kurims.kyoto-u.ac.jp/~motizuki/Noncritical%20Belyi%20Maps.pdf","already-present","114455","D59B8BF5BBED7FEA124345330AD81DF284747457C03D7CB07BAA0F4EBD38CE2C"
"Numerical invariants and distinguished subgroups of configuration spaces.pdf","https://www.kurims.kyoto-u.ac.jp/~motizuki/Numerical%20invariants%20and%20distinguished%20subgroups%20of%20configuration%20spaces.pdf","already-present","439909","DC0F31D2AD00626E10BD572B476A9AE9C00B11067C612D00A1D1F53AC5888F18"
"On Semi-positivity and Filtered Frobenius Crystals.pdf","https://www.kurims.kyoto-u.ac.jp/~motizuki/On%20Semi-positivity%20and%20Filtered%20Frobenius%20Crystals.pdf","already-present","147758","54D7F028C510091406232504BB1E49BCAF40E4B9BFBD68D19827721E2693EF09"
"On the Essential Logical Structure of IUT I, II, III (marked up version).pdf","https://www.kurims.kyoto-u.ac.jp/~motizuki/On%20the%20Essential%20Logical%20Structure%20of%20IUT%20I,%20II,%20III%20(marked%20up%20version).pdf","already-present","3771227","885FA2A32D9025186F348E1A4B25B70168F7E8D1AC530F5ED01C837FDF04B90E"
"On the Essential Logical Structure of IUT I, II, III, IV, V (marked up version 2021-12-14).pdf","https://www.kurims.kyoto-u.ac.jp/~motizuki/On%20the%20Essential%20Logical%20Structure%20of%20IUT%20I,%20II,%20III,%20IV,%20V%20(marked%20up%20version%202021-12-14).pdf","already-present","1244213","36190F75EA52E91CAAD03428FE75BC6FEDFCAA944DCC6EF6DF6F327CCB798092"
"On the Essential Logical Structure of IUT I, II, III, IV, V.pdf","https://www.kurims.kyoto-u.ac.jp/~motizuki/On%20the%20Essential%20Logical%20Structure%20of%20IUT%20I,%20II,%20III,%20IV,%20V.pdf","already-present","242063","D368C9AA0776FCC64CEBFA6A7676F7F7CA4B6E429F00917A4D70FEFFF2F5382E"
"On the Essential Logical Structure of IUT IV, V (marked up version).pdf","https://www.kurims.kyoto-u.ac.jp/~motizuki/On%20the%20Essential%20Logical%20Structure%20of%20IUT%20IV,%20V%20(marked%20up%20version).pdf","already-present","2236520","95B7DA42C4FF5F9FD5D16C5452ADA218B4EEA86BE0DDA3E2819134FCBF366A96"
"Overview of Combinatorial Anabelian Geometry (marked up version).pdf","https://www.kurims.kyoto-u.ac.jp/~motizuki/Overview%20of%20Combinatorial%20Anabelian%20Geometry%20(marked%20up%20version).pdf","already-present","472991","475B537C38E6D348AD08168E941B9499131B673DC5F38DE9CF162C9FEE533E59"
"Overview of Combinatorial Anabelian Geometry (Microsoft Whiteboard Image).pdf","https://www.kurims.kyoto-u.ac.jp/~motizuki/Overview%20of%20Combinatorial%20Anabelian%20Geometry%20(Microsoft%20Whiteboard%20Image).pdf","already-present","3373199","B20C361349EE4776D0D16ED78621DB14F82346E57CB6BC413DA13129995B675F"
"Overview of Combinatorial Anabelian Geometry.pdf","https://www.kurims.kyoto-u.ac.jp/~motizuki/Overview%20of%20Combinatorial%20Anabelian%20Geometry.pdf","already-present","89932","75FFAFB5ADA4189A0FF3F25575DA3CD78B2480C5EC6EDF9CC0B6F1C8B33C44D1"
"Panoramic Overview of Inter-universal Teichmuller Theory (comments).pdf","https://www.kurims.kyoto-u.ac.jp/~motizuki/Panoramic%20Overview%20of%20Inter-universal%20Teichmuller%20Theory%20(comments).pdf","already-present","28808","0EFC4F2F3D9705BD7AE46E039DE11B63B76D136ECF89C298D010C6E576A20173"
"Panoramic Overview of Inter-universal Teichmuller Theory.pdf","https://www.kurims.kyoto-u.ac.jp/~motizuki/Panoramic%20Overview%20of%20Inter-universal%20Teichmuller%20Theory.pdf","already-present","372426","EB42575F73D69D1F28E949EB9E52593DD17D1B85C15CC8B44FDFD12AE86B708B"
"Pop-Stix-comments.pdf","https://www.kurims.kyoto-u.ac.jp/~motizuki/Pop-Stix-comments.pdf","already-present","69043","FA234642F8544C6D05351C945F8509B489A8CC1A0503029BD846933E48B3364C"
"p-shin Hodge riron+Grothendieck yosou+hyoujunteki tsuujou kyokusen (1997nen izen).pdf","https://www.kurims.kyoto-u.ac.jp/~motizuki/p-shin%20Hodge%20riron+Grothendieck%20yosou+hyoujunteki%20tsuujou%20kyokusen%20(1997nen%20izen).pdf","already-present","198045","23891FD38F7A9783EAFAFE409EAA034133AEFA74950214AE38F141D3A122EAF7"
"p-shin Teichmuller riron no kaisetsu (Hokudai 2001-01).pdf","https://www.kurims.kyoto-u.ac.jp/~motizuki/p-shin%20Teichmuller%20riron%20no%20kaisetsu%20(Hokudai%202001-01).pdf","already-present","226988","F2A16B97D08562B6DDE074305AFBAC1100B6AFDCDD49AEABC15D72CF43244B1B"
"Report on a certain series of preprints (2024-03).pdf","https://www.kurims.kyoto-u.ac.jp/~motizuki/Report%20on%20a%20certain%20series%20of%20preprints%20(2024-03).pdf","already-present","116571","F6636E2C6B48745BE95EAAB5435416C88445FF963AFC27EBE2470FE9C80DB9F7"
"Resolution of Nonsingularities for Arbitrary Hyperbolic Curves.pdf","https://www.kurims.kyoto-u.ac.jp/~motizuki/Resolution%20of%20Nonsingularities%20for%20Arbitrary%20Hyperbolic%20Curves.pdf","already-present","726641","DA10DAD8F243BB8703C0D570F4DDDA5CEB432EE539471DC6413E313715747DAE"
"Responses to questions on Frobenioids.pdf","https://www.kurims.kyoto-u.ac.jp/~motizuki/Responses%20to%20questions%20on%20Frobenioids.pdf","already-present","109843","2EE1B38C1F298D2021BD2E12F2831BDB1A7540BEE661CB319418D414FAEEA50B"
"rirekisho.pdf","https://www.kurims.kyoto-u.ac.jp/~motizuki/rirekisho.pdf","already-present","35512","9A2BFD15D855B2587F0CC160BC9C017E6B3581CFDA12D566A45377FE35F5FB91"
"Risanfuchikan no almost etale extensions (gakuseiyou no nooto).pdf","https://www.kurims.kyoto-u.ac.jp/~motizuki/Risanfuchikan%20no%20almost%20etale%20extensions%20(gakuseiyou%20no%20nooto).pdf","already-present","384489","0816C08CB3D29266D6EECB353B3B204FC8ACF94B5C9D0D5F8029E426D0FD8C49"
"ronbun-list.pdf","https://www.kurims.kyoto-u.ac.jp/~motizuki/ronbun-list.pdf","already-present","117879","EE12C50CA464931DF83D8E0DB6340A07B8E5B1BE1A7DE0B08E76FB2A511CB47C"
"Rpt2018.pdf","https://www.kurims.kyoto-u.ac.jp/~motizuki/Rpt2018.pdf","already-present","321261","582E3F60E9461C127617844D92440DD60720EE9291DA3A693270BCF195221882"
"Semi-graphs of Anabelioids (comments).pdf","https://www.kurims.kyoto-u.ac.jp/~motizuki/Semi-graphs%20of%20Anabelioids%20(comments).pdf","already-present","93533","CDD2C6A2714B6E91149017E02CF08B381343BE8818721AE1CAC8D1F032CD26E6"
"Semi-graphs of Anabelioids.pdf","https://www.kurims.kyoto-u.ac.jp/~motizuki/Semi-graphs%20of%20Anabelioids.pdf","already-present","573052","DCC05B22FF858AF670C9346CA7A483D4D9B640DF5561EC0E82C27314A2416892"
"Shuukishou no jushoukouen (Tamagawa-shi) 1997-09.pdf","https://www.kurims.kyoto-u.ac.jp/~motizuki/Shuukishou%20no%20jushoukouen%20(Tamagawa-shi)%201997-09.pdf","already-present","166347","6D3BEF7CE41789948E1CC8629E1BC43C89E892B6D1C818A6D672D5DA9B7B7731"
"sokkuri-hausu-link-japanese (fonto umekomi ban).pdf","https://www.kurims.kyoto-u.ac.jp/~motizuki/sokkuri-hausu-link-japanese%20(fonto%20umekomi%20ban).pdf","already-present","81293","220379B4B44C049AB28F8E2173E1A1E5903A797420BE688251BADF0B843A9629"
"sokkuri-hausu-link-japanese.pdf","https://www.kurims.kyoto-u.ac.jp/~motizuki/sokkuri-hausu-link-japanese.pdf","already-present","130982","0014051E036A929DC30CE480E0A035F6D53F5F21ABC4E5E8193DBB73283B285F"
"Suuronkika no fuukei.pdf","https://www.kurims.kyoto-u.ac.jp/~motizuki/Suuronkika%20no%20fuukei.pdf","already-present","201630","BB1EAFC0A1AED7E45665A75B59DD39D5809FA986C32D687492C4309D6A70B022"
"Suuronteki log scheme no kenrontekihyouji kara mita daen kyokusen no suuron (Hokudai 2003-11).pdf","https://www.kurims.kyoto-u.ac.jp/~motizuki/Suuronteki%20log%20scheme%20no%20kenrontekihyouji%20kara%20mita%20daen%20kyokusen%20no%20suuron%20(Hokudai%202003-11).pdf","already-present","4880096","719173E191B1ABB37AD4F73FDD4E612C339AA77BA8920D9EDA5D773BEFE6682F"
"Suutai to isoukyoumen ni kyoutsuusuru nijigen no gunrontekikika.pdf","https://www.kurims.kyoto-u.ac.jp/~motizuki/Suutai%20to%20isoukyoumen%20ni%20kyoutsuusuru%20nijigen%20no%20gunrontekikika.pdf","already-present","406583","83E160EB357E9C44479FEEAC1BC258591187643819F8D2E3304BC829EDC10EBF"
"taguchi-san-no-nooto.pdf","https://www.kurims.kyoto-u.ac.jp/~motizuki/taguchi-san-no-nooto.pdf","already-present","121351","7BD87AF64EFE865578D0426C077676B415284A691C86C2C0F7923595710F473B"
"Takoushiki no kai no kinji ga torimotsu suuron to kika no kankei.pdf","https://www.kurims.kyoto-u.ac.jp/~motizuki/Takoushiki%20no%20kai%20no%20kinji%20ga%20torimotsu%20suuron%20to%20kika%20no%20kankei.pdf","already-present","561309","CF0EBA8B66D39B1BDB30E7CC03FC1DD5F9F44319B7C943B106B48D2F353008E8"
"tamagawa-mochizuki-shinichi-san-no-suugaku.pdf","https://www.kurims.kyoto-u.ac.jp/~motizuki/tamagawa-mochizuki-shinichi-san-no-suugaku.pdf","already-present","152690","EB9150FB7DAA135E9D52256613CB5ED6A6A03DB830508411F727A883F7BC36B2"
"Tan --- Introduction to inter-universal Teichmuller theory (slides).pdf","https://www.kurims.kyoto-u.ac.jp/~motizuki/Tan%20---%20Introduction%20to%20inter-universal%20Teichmuller%20theory%20(slides).pdf","already-present","447034","B846B25897F084E4305D384F2518AE866148290FE45154610A1FB25F91A86E7C"
"Tch Dilations of Varying Hues (ICMS 2025 version) [marked up version].pdf","https://www.kurims.kyoto-u.ac.jp/~motizuki/Tch%20Dilations%20of%20Varying%20Hues%20(ICMS%202025%20version)%20%5Bmarked%20up%20version%5D.pdf","already-present","982544","3A84AC9CDACE2E86AF084F87DAAE50DDBF872DF5725231BC634E5DCEF7FA27BB"
"Tch Dilations of Varying Hues (ICMS 2025 version).pdf","https://www.kurims.kyoto-u.ac.jp/~motizuki/Tch%20Dilations%20of%20Varying%20Hues%20(ICMS%202025%20version).pdf","already-present","919827","47D38161B1B4C437C8298C04D091C4A26E6842AB41E48D1B84413E544F156C4B"
"Tempered Anabelian Geometry (Hiroshima 2005-02).pdf","https://www.kurims.kyoto-u.ac.jp/~motizuki/Tempered%20Anabelian%20Geometry%20(Hiroshima%202005-02).pdf","already-present","1319978","047297BE6A76BAF7EFB65EE3B92D6D2F5092CD6E02CA029DD464A82F06FBE966"
"The Algebraic and Anabelian Geometry of Configuration Spaces (comments on strongly torsion-free groups).pdf","https://www.kurims.kyoto-u.ac.jp/~motizuki/The%20Algebraic%20and%20Anabelian%20Geometry%20of%20Configuration%20Spaces%20(comments%20on%20strongly%20torsion-free%20groups).pdf","already-present","87490","3A066A2AE2CCD21D7A329EDFDD7882C8D68CD52BF41D74332BF356A4C1DBEC1F"
"The Algebraic and Anabelian Geometry of Configuration Spaces (comments).pdf","https://www.kurims.kyoto-u.ac.jp/~motizuki/The%20Algebraic%20and%20Anabelian%20Geometry%20of%20Configuration%20Spaces%20(comments).pdf","already-present","32942","16D0EE5623067DF90F4776C71A7361C51F16C489E3D1EC302F80B14C1C3BE26C"
"The Algebraic and Anabelian Geometry of Configuration Spaces.pdf","https://www.kurims.kyoto-u.ac.jp/~motizuki/The%20Algebraic%20and%20Anabelian%20Geometry%20of%20Configuration%20Spaces.pdf","already-present","385947","A444035A2F4870C81F3BA7BBF25435855D625EFE99EA2C007C712D421887F256"
"The Etale Theta Function and its Frobenioid-theoretic Manifestations (comments).pdf","https://www.kurims.kyoto-u.ac.jp/~motizuki/The%20Etale%20Theta%20Function%20and%20its%20Frobenioid-theoretic%20Manifestations%20(comments).pdf","already-present","110820","5906B257B6125FEBBD13B58829332E4448A7548E167E0F17187F4B23B11D6169"
"The Etale Theta Function and its Frobenioid-theoretic Manifestations (related expositions).pdf","https://www.kurims.kyoto-u.ac.jp/~motizuki/The%20Etale%20Theta%20Function%20and%20its%20Frobenioid-theoretic%20Manifestations%20(related%20expositions).pdf","already-present","33096","B8D1D8136EC0BBDBD29CA2456E18AEB2B31E60206332F0C643C1C110E25005E3"
"The Etale Theta Function and its Frobenioid-theoretic Manifestations.pdf","https://www.kurims.kyoto-u.ac.jp/~motizuki/The%20Etale%20Theta%20Function%20and%20its%20Frobenioid-theoretic%20Manifestations.pdf","already-present","814566","42C5D9180C69BC9FA6596CE1A11662494315954ED74301060BF1819F955A7406"
"The Galois-Theoretic Kodaira-Spencer Morphism of an Elliptic Curve.pdf","https://www.kurims.kyoto-u.ac.jp/~motizuki/The%20Galois-Theoretic%20Kodaira-Spencer%20Morphism%20of%20an%20Elliptic%20Curve.pdf","already-present","242492","A75549E2613746619C9652D93B751A91C344CE14BE1BF2CA110D52030C4E1910"
"The Geometry of Anabelioids (comments).pdf","https://www.kurims.kyoto-u.ac.jp/~motizuki/The%20Geometry%20of%20Anabelioids%20(comments).pdf","already-present","37664","9F43CD2292F13CD016C305C4A61F9327F6BEF190A9AB95F75DD8E9FAF9D7B576"
"The Geometry of Anabelioids.pdf","https://www.kurims.kyoto-u.ac.jp/~motizuki/The%20Geometry%20of%20Anabelioids.pdf","already-present","375972","78A92A9B6D9A0AB41FA6172C676B5FA5D281F16B0CF0A935712991F52ACE2028"
"The Geometry of Frobenioids I (comments).pdf","https://www.kurims.kyoto-u.ac.jp/~motizuki/The%20Geometry%20of%20Frobenioids%20I%20(comments).pdf","already-present","77139","540C0C62630DC98B6FECD284C73B78DC60104C82CF1581B019CC6341CC0BB854"
"The Geometry of Frobenioids I.pdf","https://www.kurims.kyoto-u.ac.jp/~motizuki/The%20Geometry%20of%20Frobenioids%20I.pdf","already-present","804375","8E5AC14E3AADB457EE4EDDE81A325B64B060CEFB14712D70CF2CA66B373AAF53"
"The Geometry of Frobenioids II (comments).pdf","https://www.kurims.kyoto-u.ac.jp/~motizuki/The%20Geometry%20of%20Frobenioids%20II%20(comments).pdf","already-present","62249","206A9AE9572C9E9B46ED6BC62F2B50E733C4C4F61862AC66186D1C2FC7C31036"
"The Geometry of Frobenioids II.pdf","https://www.kurims.kyoto-u.ac.jp/~motizuki/The%20Geometry%20of%20Frobenioids%20II.pdf","already-present","514623","0185E64C4107123A20D2FD72F6E5A5FF8E5C1356D3CAEE69B7D5700E291AC0A9"
"The Geometry of the Compactification of the Hurwitz Scheme (comments).pdf","https://www.kurims.kyoto-u.ac.jp/~motizuki/The%20Geometry%20of%20the%20Compactification%20of%20the%20Hurwitz%20Scheme%20(comments).pdf","already-present","31155","6C9E2E497F996282DCF3D7FCF0E06B59E9918D4EA6C3BA8EC3FE2D7EF8973840"
"The Geometry of the Compactification of the Hurwitz Scheme.pdf","https://www.kurims.kyoto-u.ac.jp/~motizuki/The%20Geometry%20of%20the%20Compactification%20of%20the%20Hurwitz%20Scheme.pdf","already-present","541026","637A3FD7D18EF511C57E5A4D59B7E28AEDE3A08BD9518CF160EC14C344638E6E"
"The Grothendieck Conjecture on the Fundamental Groups of Algebraic Curves.pdf","https://www.kurims.kyoto-u.ac.jp/~motizuki/The%20Grothendieck%20Conjecture%20on%20the%20Fundamental%20Groups%20of%20Algebraic%20Curves.pdf","already-present","227737","130FDD9EC19902979EFD6DEBC59884292B21061121DED6CF7AE7ECC0622D447F"
"The Hodge-Arakelov Theory of Elliptic Curves (Berkeley 1999-09).pdf","https://www.kurims.kyoto-u.ac.jp/~motizuki/The%20Hodge-Arakelov%20Theory%20of%20Elliptic%20Curves%20(Berkeley%201999-09).pdf","already-present","81482","B57488488F9D2B6C5D6BE7C73E021B69EC845C583737114319789FD98452F19C"
"The Hodge-Arakelov Theory of Elliptic Curves (Hotaka 2000-07).pdf","https://www.kurims.kyoto-u.ac.jp/~motizuki/The%20Hodge-Arakelov%20Theory%20of%20Elliptic%20Curves%20(Hotaka%202000-07).pdf","already-present","83500","699C72F483CF322230A81C89E51A63DEF1C8B2F2FFB30B70EDF02BAF71A9A5DB"
"The Hodge-Arakelov Theory of Elliptic Curves (Utrecht 2000-06).pdf","https://www.kurims.kyoto-u.ac.jp/~motizuki/The%20Hodge-Arakelov%20Theory%20of%20Elliptic%20Curves%20(Utrecht%202000-06).pdf","already-present","81315","C2E4AD731E3E857614807CAEEC0607455D7FE9112825602535ED8CEBBD982E4A"
"The Hodge-Arakelov Theory of Elliptic Curves in Positive Characteristic.pdf","https://www.kurims.kyoto-u.ac.jp/~motizuki/The%20Hodge-Arakelov%20Theory%20of%20Elliptic%20Curves%20in%20Positive%20Characteristic.pdf","already-present","237571","17254EF5B07C71DBD32B0FAE95B4E135AF20F82114BFDB7DC7DC97366A2B16C8"
"The Hodge-Arakelov Theory of Elliptic Curves.pdf","https://www.kurims.kyoto-u.ac.jp/~motizuki/The%20Hodge-Arakelov%20Theory%20of%20Elliptic%20Curves.pdf","already-present","2057208","C82E4A9D9DF328896206DC9ED9003A850906B1B6D41805E9E3687003E4CA3653"
"The Intrinsic Hodge Theory of Hyperbolic Curves (Seoul 1998).pdf","https://www.kurims.kyoto-u.ac.jp/~motizuki/The%20Intrinsic%20Hodge%20Theory%20of%20Hyperbolic%20Curves%20(Seoul%201998).pdf","already-present","158969","3B05322175F8297B78DA48ED34D92E00E74049DFE1FF5B06BC2F7536FC5ABF80"
"The Intrinsic Hodge Theory of p-adic Hyperbolic Curves (ICM 98).pdf","https://www.kurims.kyoto-u.ac.jp/~motizuki/The%20Intrinsic%20Hodge%20Theory%20of%20p-adic%20Hyperbolic%20Curves%20(ICM%2098).pdf","already-present","73221","8488F60C2D8CD9C24AD847A850B78B923E2DE95A45FAED49AC1BE5BC044994AF"
"The Intrinsic Hodge Theory of p-adic Hyperbolic Curves (ICM98).pdf","https://www.kurims.kyoto-u.ac.jp/~motizuki/The%20Intrinsic%20Hodge%20Theory%20of%20p-adic%20Hyperbolic%20Curves%20(ICM98).pdf","already-present","108784","7A87A2E4AB3EA7E3148058E6B24CD45F32BF4BD8A85A918D857053004791496C"
"The Intrinsic Hodge Theory of p-adic Hyperbolic Curves (Nara 1998).pdf","https://www.kurims.kyoto-u.ac.jp/~motizuki/The%20Intrinsic%20Hodge%20Theory%20of%20p-adic%20Hyperbolic%20Curves%20(Nara%201998).pdf","already-present","79983","AA4041F83015E78A771F0D5CCCA40EF22951A476EC636E15C9D742528C03E268"
"The Intrinsic Hodge Theory of p-adic Hyperbolic Curves (Nara 1998-12).pdf","https://www.kurims.kyoto-u.ac.jp/~motizuki/The%20Intrinsic%20Hodge%20Theory%20of%20p-adic%20Hyperbolic%20Curves%20(Nara%201998-12).pdf","already-present","80945","C98AD17E8E7CFA8446AB5ED005C66D456FD9D91EC3B094D86730F8F03FAE4527"
"The Intrinsic Hodge Theory of p-adic Hyperbolic Curves (Oberwolfach 1996-07).pdf","https://www.kurims.kyoto-u.ac.jp/~motizuki/The%20Intrinsic%20Hodge%20Theory%20of%20p-adic%20Hyperbolic%20Curves%20(Oberwolfach%201996-07).pdf","already-present","93708","04E61BDFCAA6E593D76AE90BC37533FAFB175D699E830DD9A850CDE878E146A1"
"The Local Pro-p Anabelian Geometry of Curves (comments).pdf","https://www.kurims.kyoto-u.ac.jp/~motizuki/The%20Local%20Pro-p%20Anabelian%20Geometry%20of%20Curves%20(comments).pdf","already-present","23725","E01D70ACF57510305038D55EABAF1AEA348DDF9A6B4DB13798F6387D51C2B5F3"
"The Local Pro-p Anabelian Geometry of Curves.pdf","https://www.kurims.kyoto-u.ac.jp/~motizuki/The%20Local%20Pro-p%20Anabelian%20Geometry%20of%20Curves.pdf","already-present","718609","6E7FFD16F4C074068CC616A051BFCFBA04A4DC412B1EE7465C732D0383B8A2CC"
"The Profinite Grothendieck Conjecture for Closed Hyperbolic Curves over Number Fields (comments).pdf","https://www.kurims.kyoto-u.ac.jp/~motizuki/The%20Profinite%20Grothendieck%20Conjecture%20for%20Closed%20Hyperbolic%20Curves%20over%20Number%20Fields%20(comments).pdf","already-present","26904","B6E66E8230BAB4737B2A936A6B6CBD3234233EB48AE766B8158175390F976456"
"The Profinite Grothendieck Conjecture for Closed Hyperbolic Curves over Number Fields.pdf","https://www.kurims.kyoto-u.ac.jp/~motizuki/The%20Profinite%20Grothendieck%20Conjecture%20for%20Closed%20Hyperbolic%20Curves%20over%20Number%20Fields.pdf","already-present","357975","8A64AA9AAD9DF55D512E1E931C428A870BB233CE11834D0B9413AC882D72E939"
"The Scheme-theoretic Theta Convolution.pdf","https://www.kurims.kyoto-u.ac.jp/~motizuki/The%20Scheme-theoretic%20Theta%20Convolution.pdf","already-present","358951","C7D306F18FE4773B111D846789D5D4E1B0037AA79D8112B474F817BDEED7335C"
"Title and abstract (Shinichi Mochizuki, Workshop on Arithmetic and Homotopic Galois Theory 2023).pdf","https://www.kurims.kyoto-u.ac.jp/~motizuki/Title%20and%20abstract%20(Shinichi%20Mochizuki,%20Workshop%20on%20Arithmetic%20and%20Homotopic%20Galois%20Theory%202023).pdf","already-present","90671","BF093C38316A490BDE0A4F8DCA5445A2C4AD387459446C9ED2440D43D78184BE"
"Topics in Absolute Anabelian Geometry I (comments).pdf","https://www.kurims.kyoto-u.ac.jp/~motizuki/Topics%20in%20Absolute%20Anabelian%20Geometry%20I%20(comments).pdf","already-present","43904","6B94EE8F41EEA8024752F3A4D78BFBB8B442F2B42F1278428B15C9FEE8A6489B"
"Topics in Absolute Anabelian Geometry I.pdf","https://www.kurims.kyoto-u.ac.jp/~motizuki/Topics%20in%20Absolute%20Anabelian%20Geometry%20I.pdf","already-present","619112","1ECD5A709D72AB532070EC19C8CA4811D21288E8E0358B8ADC11F0AA9AE0D082"
"Topics in Absolute Anabelian Geometry II (comments).pdf","https://www.kurims.kyoto-u.ac.jp/~motizuki/Topics%20in%20Absolute%20Anabelian%20Geometry%20II%20(comments).pdf","already-present","46805","D5357F32B2AEC63CF9DB5E0AC00E2B1617E2C89790DBCAD2A8DEE00933317766"
"Topics in Absolute Anabelian Geometry II.pdf","https://www.kurims.kyoto-u.ac.jp/~motizuki/Topics%20in%20Absolute%20Anabelian%20Geometry%20II.pdf","already-present","629596","48C5F190EAC3026E80ECD82207A8003267E30CE76C4A85BB6B35D1A12EE34139"
"Topics in Absolute Anabelian Geometry III (comments).pdf","https://www.kurims.kyoto-u.ac.jp/~motizuki/Topics%20in%20Absolute%20Anabelian%20Geometry%20III%20(comments).pdf","already-present","38692","DD631BDF387AD80AF9F1C7D80273DF082F334B9A0A4F8EA41D36AFC25F0AC674"
"Topics in Absolute Anabelian Geometry III.pdf","https://www.kurims.kyoto-u.ac.jp/~motizuki/Topics%20in%20Absolute%20Anabelian%20Geometry%20III.pdf","already-present","1132226","E8115DF30A86DEA26E2EBF60CB333558FF28FE3E4D57017A80421787B53421A9"
"Topics Surrounding the Anabelian Geometry of Hyperbolic Curves.pdf","https://www.kurims.kyoto-u.ac.jp/~motizuki/Topics%20Surrounding%20the%20Anabelian%20Geometry%20of%20Hyperbolic%20Curves.pdf","already-present","371166","60E4E921642A98EF8DB32DEE9D39469AABE26476FD784F9CB87D688E22D4AAA9"
"Tripodal transport (marked up version).pdf","https://www.kurims.kyoto-u.ac.jp/~motizuki/Tripodal%20transport%20(marked%20up%20version).pdf","already-present","1674314","81DEC935284EBCC021CDB823FA814EFC7E990D877376D44D5158510E9CE56E3D"
"Tripodal transport (Microsoft Whiteboard Image).pdf","https://www.kurims.kyoto-u.ac.jp/~motizuki/Tripodal%20transport%20(Microsoft%20Whiteboard%20Image).pdf","already-present","1029544","D8E1BF759EEE8933CB3661FF6CAFEAE05FBCDD1EC491EEDAA4738E57C24BAA59"
"Tripodal transport.pdf","https://www.kurims.kyoto-u.ac.jp/~motizuki/Tripodal%20transport.pdf","already-present","151564","6A8933A1EB77AF81762D3BF916EF5DCD760A56FBB74C44840B8EFC0A3AA13DA3"
"Tsuujou p-shin kyokusen no riron (1997nen izen).pdf","https://www.kurims.kyoto-u.ac.jp/~motizuki/Tsuujou%20p-shin%20kyokusen%20no%20riron%20(1997nen%20izen).pdf","already-present","204622","E4C66ECA53A275499F92686D8818758BFB5BF5834DD2E354268CC4ABD75C7FFA"
"Uchuusai ni tsuite no FAQ.pdf","https://www.kurims.kyoto-u.ac.jp/~motizuki/Uchuusai%20ni%20tsuite%20no%20FAQ.pdf","already-present","24496","AE37C10A0CD5FB06095058A6D55DE15CC713FF3D4BC2DB3E55E808D5FCCD2280"
"Uchuusai Taihimyuuraa riron he no izanai (2+2jikanban).pdf","https://www.kurims.kyoto-u.ac.jp/~motizuki/Uchuusai%20Taihimyuuraa%20riron%20he%20no%20izanai%20(2+2jikanban).pdf","already-present","369328","327A6933BC40DF88F0A71AF710B454D6430BF0D07FA24E21C53268E3ECBE7AF6"
"Uchuusai Taihimyuuraa riron he no izanai (2015-02).pdf","https://www.kurims.kyoto-u.ac.jp/~motizuki/Uchuusai%20Taihimyuuraa%20riron%20he%20no%20izanai%20(2015-02).pdf","already-present","380388","7FB84868DF329E4DEED1D7A5BE98CFC4A7F30DE80E2C201E2A561F08EC5D0F7A"
"Uchuusai Taihimyuuraa riron he no izanai (3jikanban).pdf","https://www.kurims.kyoto-u.ac.jp/~motizuki/Uchuusai%20Taihimyuuraa%20riron%20he%20no%20izanai%20(3jikanban).pdf","already-present","365348","80A8AE6FCF3743EE54D42D0ACB3979663097FC81371F70A318D1AFBEFE4620ED"
"Uchuusai Taihimyuuraa riron he no izanai (kakudaiban).pdf","https://www.kurims.kyoto-u.ac.jp/~motizuki/Uchuusai%20Taihimyuuraa%20riron%20he%20no%20izanai%20(kakudaiban).pdf","already-present","295529","2F28D5EC78D8B912A4F351908901660078E273F4382E9D55A48A61D75F75C646"
"Uchuusai Taihimyuuraa riron he no izanai (lecture note ban).pdf","https://www.kurims.kyoto-u.ac.jp/~motizuki/Uchuusai%20Taihimyuuraa%20riron%20he%20no%20izanai%20(lecture%20note%20ban).pdf","already-present","381718","7219D454FE2E92BD6552C779E41539F023B5FB6D22AD1E4BB44AC27006556CD9"
"Uchuusai Taihimyuuraa riron he no izanai.pdf","https://www.kurims.kyoto-u.ac.jp/~motizuki/Uchuusai%20Taihimyuuraa%20riron%20he%20no%20izanai.pdf","already-present","226217","D2D720417BA0B2E059D2826038FF744E602666DADD581A57BEE8DA5ECB2BBC75"
"wakabayashi-master-2011-03.pdf","https://www.kurims.kyoto-u.ac.jp/~motizuki/wakabayashi-master-2011-03.pdf","already-present","296549","D86348589FA4438276D24859A657070679961C6138E8D5B7F80787332A53DBA9"
